DATE,SERIES,OPEN,HIGH,LOW,PREV. CLOSE,LTP,CLOSE,VWAP,52W H,52W L,VOLUME,VALUE,NO. OF  TRADES
31-Dec-2024,EQ,"4,162.40","4,217.45","4,150.00","4,187.60","4,160.00","4,160.60","4,171.29","6,246.25","3,929.85",492605,"2,05,47,95,876.30",50110
30-Dec-2024,EQ,"4,252.75","4,274.00","4,168.25","4,237.95","4,178.20","4,187.60","4,197.50","6,246.25","3,929.85",1819173,"7,63,59,81,837.35",113327
27-Dec-2024,EQ,"4,280.50","4,348.65","4,228.55","4,275.00","4,241.65","4,237.95","4,275.51","6,246.25","3,929.85",744900,"3,18,48,23,836.20",63752
26-Dec-2024,EQ,"4,270.00","4,307.85","4,255.60","4,259.10","4,282.00","4,275.00","4,280.78","6,246.25","3,929.85",375676,"1,60,81,87,519.20",49396
24-Dec-2024,EQ,"4,272.60","4,315.00","4,250.00","4,272.60","4,258.90","4,259.10","4,276.15","6,246.25","3,929.85",561434,"2,40,07,78,506.80",51752
23-Dec-2024,EQ,"4,365.00","4,375.50","4,258.35","4,339.95","4,275.00","4,272.60","4,295.21","6,246.25","3,929.85",931177,"3,99,95,96,517.20",80237
20-Dec-2024,EQ,"4,406.95","4,461.55","4,325.00","4,406.95","4,337.95","4,339.95","4,380.95","6,246.25","3,752.05",800108,"3,50,52,34,759.70",78318
19-Dec-2024,EQ,"4,329.55","4,458.10","4,325.00","4,389.45","4,413.00","4,406.95","4,399.38","6,246.25","3,752.05",691740,"3,04,32,29,025.75",66221
18-Dec-2024,EQ,"4,398.45","4,429.90","4,372.20","4,415.10","4,385.00","4,389.45","4,398.54","6,246.25","3,752.05",738092,"3,24,65,26,135.65",62912
17-Dec-2024,EQ,"4,513.30","4,558.55","4,395.60","4,539.00","4,402.45","4,415.10","4,463.93","6,246.25","3,752.05",778939,"3,47,71,29,612.35",70032
16-Dec-2024,EQ,"4,590.00","4,590.00","4,515.70","4,575.45","4,540.00","4,539.00","4,533.40","6,246.25","3,752.05",835965,"3,78,97,66,389.80",52498
13-Dec-2024,EQ,"4,556.75","4,583.00","4,500.00","4,556.75","4,574.85","4,575.45","4,551.74","6,246.25","3,683.00",552194,"2,51,34,41,728.50",55420
12-Dec-2024,EQ,"4,650.45","4,660.15","4,542.00","4,650.45","4,555.00","4,556.75","4,571.56","6,246.25","3,683.00",821540,"3,75,57,22,865.10",76454
11-Dec-2024,EQ,"4,586.25","4,654.35","4,586.25","4,588.30","4,652.00","4,650.45","4,636.48","6,246.25","3,683.00",571443,"2,64,94,85,401.15",44866
10-Dec-2024,EQ,"4,600.00","4,614.95","4,561.70","4,595.95","4,597.00","4,588.30","4,582.52","6,246.25","3,683.00",384707,"1,76,29,26,345.15",41782
09-Dec-2024,EQ,"4,638.95","4,659.60","4,590.00","4,629.60","4,598.00","4,595.95","4,607.53","6,246.25","3,683.00",329145,"1,51,65,44,609.20",47551
06-Dec-2024,EQ,"4,656.95","4,720.00","4,615.00","4,644.35","4,639.00","4,629.60","4,646.18","6,246.25","3,683.00",733835,"3,40,95,29,313.05",86075
05-Dec-2024,EQ,"4,656.00","4,678.05","4,588.40","4,635.85","4,643.75","4,644.35","4,633.62","6,246.25","3,683.00",796988,"3,69,29,37,492.80",117051
04-Dec-2024,EQ,"4,705.05","4,725.00","4,615.50","4,697.00","4,641.00","4,635.85","4,653.53","6,246.25","3,683.00",586762,"2,73,05,15,412.25",83164
03-Dec-2024,EQ,"4,750.00","4,784.00","4,690.00","4,748.45","4,696.00","4,697.00","4,723.63","6,246.25","3,683.00",664696,"3,13,97,79,027.65",89148
02-Dec-2024,EQ,"4,733.50","4,779.00","4,694.60","4,761.70","4,747.00","4,748.45","4,747.51","6,246.25","3,683.00",510429,"2,42,32,65,336.60",55866
29-Nov-2024,EQ,"4,798.80","4,804.45","4,732.10","4,783.50","4,765.00","4,761.70","4,765.86","6,246.25","3,555.05",462448,"2,20,39,62,101.80",60282
28-Nov-2024,EQ,"4,894.00","4,909.95","4,760.10","4,871.25","4,777.00","4,783.50","4,834.03","6,246.25","3,555.05",778790,"3,76,46,90,691.80",120837
27-Nov-2024,EQ,"4,842.00","4,893.40","4,810.60","4,838.70","4,873.00","4,871.25","4,863.01","6,246.25","3,555.05",296689,"1,44,28,00,237.15",46320
26-Nov-2024,EQ,"4,860.00","4,881.25","4,801.05","4,858.30","4,833.10","4,838.70","4,844.86","6,246.25","3,555.05",384827,"1,86,44,34,435.75",46442
25-Nov-2024,EQ,"4,850.00","4,908.65","4,815.00","4,794.10","4,866.50","4,858.30","4,865.36","6,246.25","3,555.05",1174601,"5,71,48,60,781.35",82181
22-Nov-2024,EQ,"4,778.40","4,808.40","4,742.00","4,767.85","4,788.00","4,794.10","4,781.18","6,246.25","3,315.60",394712,"1,88,71,89,980.90",60076
21-Nov-2024,EQ,"4,799.95","4,820.00","4,741.20","4,775.80","4,766.00","4,767.85","4,777.86","6,246.25","3,315.60",572418,"2,73,49,31,912.75",85250
19-Nov-2024,EQ,"4,759.95","4,853.95","4,734.50","4,733.00","4,761.00","4,775.80","4,804.16","6,246.25","3,315.60",704072,"3,38,24,77,717.15",96462
18-Nov-2024,EQ,"4,834.15","4,839.95","4,714.10","4,604.00","4,728.00","4,733.00","4,783.07","6,246.25","3,315.60",1783519,"8,53,06,92,600.50",157174
14-Nov-2024,EQ,"4,519.60","4,630.00","4,467.00","4,519.60","4,612.65","4,604.00","4,572.86","6,246.25","3,102.10",889483,"4,06,74,85,172.35",113183
13-Nov-2024,EQ,"4,691.65","4,696.75","4,492.00","4,724.20","4,525.15","4,519.60","4,553.35","6,246.25","3,102.10",1304908,"5,94,17,05,874.35",150970
12-Nov-2024,EQ,"4,757.50","4,796.20","4,702.80","4,757.50","4,710.95","4,724.20","4,752.10","6,246.25","3,102.10",310558,"1,47,58,02,925.55",56771
11-Nov-2024,EQ,"4,763.00","4,786.15","4,717.55","4,768.90","4,750.00","4,757.50","4,754.05","6,246.25","3,102.10",424955,"2,02,02,59,434.80",58066
08-Nov-2024,EQ,"4,830.00","4,832.00","4,735.95","4,816.00","4,763.00","4,768.90","4,771.58","6,246.25","3,095.15",333494,"1,59,12,92,622.15",54709
07-Nov-2024,EQ,"4,916.95","4,916.95","4,788.05","4,892.80","4,811.00","4,816.00","4,829.58","6,246.25","3,095.15",373373,"1,80,32,34,193.05",44911
06-Nov-2024,EQ,"4,858.00","4,920.00","4,841.00","4,820.70","4,880.00","4,892.80","4,890.21","6,246.25","3,095.15",602657,"2,94,71,17,978.15",64216
05-Nov-2024,EQ,"4,818.00","4,878.30","4,760.90","4,806.05","4,816.00","4,820.70","4,817.84","6,246.25","3,095.15",673746,"3,24,59,98,624.00",72253
04-Nov-2024,EQ,"5,127.50","5,127.50","4,726.50","5,020.50","4,807.00","4,806.05","4,819.25","6,246.25","3,095.15",1676556,"8,07,97,40,049.75",154403
01-Nov-2024,EQ,"5,039.70","5,043.00","5,010.15","4,989.55","5,022.00","5,020.50","5,027.13","6,246.25","3,041.50",49631,"24,95,01,407.65",8990
31-Oct-2024,EQ,"4,937.00","5,027.50","4,919.95","4,909.30","4,979.15","4,989.55","4,988.34","6,246.25","3,041.50",897452,"4,47,67,94,130.95",98911
30-Oct-2024,EQ,"4,745.00","5,037.50","4,740.10","4,787.45","4,939.60","4,909.30","4,859.56","6,246.25","3,041.50",1039340,"5,05,07,30,344.90",84319
29-Oct-2024,EQ,"4,927.85","4,959.95","4,745.00","4,927.80","4,786.05","4,787.45","4,797.88","6,246.25","3,041.50",953917,"4,57,67,75,642.70",107834
28-Oct-2024,EQ,"4,973.30","5,015.85","4,896.05","4,973.30","4,914.00","4,927.80","4,944.90","6,246.25","3,041.50",419927,"2,07,64,96,692.75",61140
25-Oct-2024,EQ,"5,120.00","5,144.70","4,875.00","5,113.60","4,968.85","4,973.30","4,961.86","6,246.25","3,041.50",709797,"3,52,19,16,696.35",88940
24-Oct-2024,EQ,"5,160.05","5,231.20","5,093.60","5,145.70","5,116.85","5,113.60","5,143.71","6,246.25","3,041.50",349453,"1,79,74,83,570.20",44771
23-Oct-2024,EQ,"5,175.80","5,280.00","5,120.55","5,175.80","5,133.95","5,145.70","5,202.33","6,246.25","3,041.50",411524,"2,14,08,83,215.75",48009
22-Oct-2024,EQ,"5,263.00","5,274.40","5,155.00","5,242.25","5,181.75","5,175.80","5,191.84","6,246.25","3,041.50",531833,"2,76,11,92,605.00",53512
21-Oct-2024,EQ,"5,216.20","5,253.85","5,085.05","5,216.20","5,242.35","5,242.25","5,191.05","6,246.25","3,041.50",740720,"3,84,51,11,010.40",93937
18-Oct-2024,EQ,"5,217.45","5,288.65","5,146.05","5,217.45","5,210.00","5,216.20","5,222.99","6,246.25","3,041.50",427617,"2,23,34,40,015.80",49531
17-Oct-2024,EQ,"5,363.05","5,363.05","5,100.00","5,398.20","5,214.95","5,217.45","5,192.33","6,246.25","3,041.50",1947589,"10,11,25,26,656.55",188419
16-Oct-2024,EQ,"5,505.65","5,519.00","5,387.00","5,505.65","5,390.00","5,398.20","5,417.02","6,246.25","3,041.50",504211,"2,73,13,19,935.30",68069
15-Oct-2024,EQ,"5,565.00","5,587.65","5,464.00","5,555.35","5,510.35","5,505.65","5,516.91","6,246.25","3,041.50",302887,"1,67,09,99,768.50",47423
14-Oct-2024,EQ,"5,504.00","5,575.00","5,499.85","5,476.30","5,558.95","5,555.35","5,548.25","6,246.25","3,041.50",407147,"2,25,89,52,477.15",44981
11-Oct-2024,EQ,"5,460.50","5,488.35","5,440.00","5,456.10","5,477.00","5,476.30","5,469.69","6,246.25","2,923.95",303034,"1,65,75,02,290.00",35834
10-Oct-2024,EQ,"5,588.00","5,594.95","5,445.00","5,554.60","5,462.15","5,456.10","5,493.08","6,246.25","2,923.95",579335,"3,18,23,32,733.60",98799
09-Oct-2024,EQ,"5,541.05","5,588.00","5,530.00","5,529.85","5,554.00","5,554.60","5,555.32","6,246.25","2,923.95",439340,"2,44,06,75,085.35",47802
08-Oct-2024,EQ,"5,462.00","5,545.00","5,411.00","5,501.55","5,529.05","5,529.85","5,487.50","6,246.25","2,923.95",473756,"2,59,97,35,391.55",60932
07-Oct-2024,EQ,"5,569.95","5,608.45","5,436.10","5,520.85","5,495.00","5,501.55","5,503.16","6,246.25","2,923.95",682783,"3,75,74,62,556.65",98339
04-Oct-2024,EQ,"5,647.05","5,649.95","5,484.00","5,662.75","5,544.00","5,520.85","5,548.55","6,246.25","2,923.95",943922,"5,23,73,95,636.15",130886
03-Oct-2024,EQ,"5,733.35","5,733.35","5,622.00","5,750.10","5,660.00","5,662.75","5,673.22","6,246.25","2,923.95",1219791,"6,92,01,41,802.80",142459
01-Oct-2024,EQ,"5,712.40","5,794.00","5,665.00","5,712.40","5,765.00","5,750.10","5,732.29","6,246.25","2,923.95",742940,"4,25,87,49,185.30",82178
30-Sep-2024,EQ,"5,890.00","5,890.00","5,690.50","5,957.35","5,726.00","5,712.40","5,741.74","6,246.25","2,923.95",1346723,"7,73,25,32,298.15",167533
27-Sep-2024,EQ,"6,068.10","6,089.30","5,940.50","6,051.45","5,955.05","5,957.35","5,991.79","6,246.25","2,923.95",718197,"4,30,32,86,537.95",82753
26-Sep-2024,EQ,"6,005.60","6,065.00","5,904.10","6,088.30","6,039.70","6,051.45","5,992.26","6,246.25","2,923.95",1255943,"7,52,59,34,480.35",165528
25-Sep-2024,EQ,"6,144.00","6,168.40","6,033.85","6,126.30","6,064.00","6,088.30","6,085.77","6,246.25","2,923.95",341785,"2,08,00,25,544.50",59485
24-Sep-2024,EQ,"6,191.00","6,246.25","6,110.30","6,190.55","6,120.00","6,126.30","6,151.79","6,246.25","2,923.95",631130,"3,88,25,81,194.80",81926
23-Sep-2024,EQ,"6,050.00","6,210.00","6,004.30","6,013.25","6,190.00","6,190.55","6,106.85","6,210.00","2,923.95",887240,"5,41,82,41,001.15",111789
20-Sep-2024,EQ,"6,048.75","6,092.00","5,985.75","6,006.05","6,000.00","6,013.25","6,033.05","6,145.95","2,923.95",993542,"5,99,40,88,960.95",87169
19-Sep-2024,EQ,"6,000.00","6,060.00","5,980.10","5,964.75","6,015.00","6,006.05","6,023.93","6,145.95","2,923.95",532623,"3,20,84,81,678.35",97760
18-Sep-2024,EQ,"5,985.30","6,145.95","5,928.10","5,961.20","5,960.00","5,964.75","6,054.16","6,145.95","2,923.95",1446956,"8,76,01,09,987.05",169122
17-Sep-2024,EQ,"5,800.00","5,984.95","5,763.60","5,779.45","5,967.00","5,961.20","5,926.45","5,984.95","2,923.95",1250736,"7,41,24,19,481.50",150560
16-Sep-2024,EQ,"5,780.00","5,822.50","5,727.00","5,795.80","5,784.50","5,779.45","5,778.14","5,894.55","2,923.95",333195,"1,92,52,49,013.60",70281
13-Sep-2024,EQ,"5,826.90","5,847.10","5,770.00","5,803.15","5,795.00","5,795.80","5,801.28","5,894.55","2,923.95",332581,"1,92,93,97,098.40",61022
12-Sep-2024,EQ,"5,700.00","5,818.00","5,655.00","5,654.45","5,800.00","5,803.15","5,774.98","5,894.55","2,923.95",855863,"4,94,25,94,692.55",118120
11-Sep-2024,EQ,"5,698.00","5,708.70","5,602.35","5,669.70","5,657.00","5,654.45","5,656.82","5,894.55","2,923.95",592210,"3,35,00,25,479.60",60088
10-Sep-2024,EQ,"5,797.00","5,864.15","5,658.25","5,745.30","5,678.20","5,669.70","5,737.47","5,894.55","2,923.95",775935,"4,45,19,02,310.50",77662
09-Sep-2024,EQ,"5,743.80","5,770.35","5,686.15","5,743.75","5,740.00","5,745.30","5,735.53","5,894.55","2,923.95",469914,"2,69,52,07,231.85",56003
06-Sep-2024,EQ,"5,720.00","5,770.30","5,649.70","5,734.20","5,731.00","5,743.75","5,729.01","5,894.55","2,916.85",683920,"3,91,81,85,490.85",92129
05-Sep-2024,EQ,"5,690.00","5,799.00","5,650.00","5,683.75","5,730.00","5,734.20","5,740.17","5,894.55","2,916.85",817503,"4,69,26,06,088.60",85765
04-Sep-2024,EQ,"5,605.00","5,689.30","5,605.00","5,646.50","5,675.00","5,683.75","5,660.18","5,894.55","2,916.85",532554,"3,01,43,49,978.30",65617
03-Sep-2024,EQ,"5,602.00","5,699.00","5,549.90","5,578.20","5,647.40","5,646.50","5,646.63","5,894.55","2,916.85",805935,"4,55,08,15,903.55",89882
02-Sep-2024,EQ,"5,535.00","5,629.05","5,517.00","5,455.40","5,575.00","5,578.20","5,572.75","5,894.55","2,916.85",1054947,"5,87,89,56,269.85",90722
30-Aug-2024,EQ,"5,400.00","5,518.00","5,385.85","5,374.50","5,467.00","5,455.40","5,465.52","5,894.55","2,890.05",1569946,"8,58,05,70,249.55",103348
29-Aug-2024,EQ,"5,300.00","5,387.30","5,290.90","5,311.40","5,379.00","5,374.50","5,344.79","5,894.55","2,890.05",516725,"2,76,17,86,790.00",60562
28-Aug-2024,EQ,"5,365.00","5,383.20","5,266.00","5,356.55","5,312.00","5,311.40","5,295.06","5,894.55","2,890.05",688591,"3,64,61,32,452.40",61022
27-Aug-2024,EQ,"5,354.00","5,396.95","5,326.00","5,343.75","5,335.00","5,356.55","5,361.05","5,894.55","2,890.05",672259,"3,60,40,12,211.30",44376
26-Aug-2024,EQ,"5,410.00","5,425.00","5,327.00","5,384.90","5,344.85","5,343.75","5,370.12","5,894.55","2,890.05",553070,"2,97,00,51,553.40",46171
23-Aug-2024,EQ,"5,330.00","5,443.80","5,315.00","5,329.95","5,382.35","5,384.90","5,403.39","5,894.55","2,890.00",757678,"4,09,40,27,804.75",54587
22-Aug-2024,EQ,"5,285.00","5,383.00","5,263.45","5,284.70","5,340.00","5,329.95","5,335.42","5,894.55","2,890.00",761731,"4,06,41,57,980.35",68270
21-Aug-2024,EQ,"5,244.40","5,305.20","5,215.00","5,244.40","5,298.95","5,284.70","5,277.97","5,894.55","2,890.00",612911,"3,23,49,23,653.20",53932
20-Aug-2024,EQ,"5,199.00","5,350.00","5,190.00","5,188.90","5,240.00","5,244.40","5,276.59","5,894.55","2,890.00",962948,"5,08,10,83,031.45",80454
19-Aug-2024,EQ,"5,149.00","5,224.00","5,107.55","5,128.10","5,190.00","5,188.90","5,169.60","5,894.55","2,890.00",714915,"3,69,58,21,902.30",54243
16-Aug-2024,EQ,"5,120.00","5,138.95","5,020.05","5,072.45","5,124.00","5,128.10","5,088.90","5,894.55","2,890.00",679493,"3,45,78,75,032.50",56611
14-Aug-2024,EQ,"5,280.00","5,297.60","4,991.00","5,245.50","5,079.00","5,072.45","5,103.07","5,894.55","2,890.00",2185163,"11,15,10,44,726.40",168798
13-Aug-2024,EQ,"5,350.00","5,407.30","5,216.00","5,311.85","5,229.55","5,245.50","5,320.73","5,894.55","2,890.00",1042924,"5,54,91,17,961.20",71027
12-Aug-2024,EQ,"5,214.80","5,325.00","5,185.00","5,207.20","5,319.00","5,311.85","5,256.44","5,894.55","2,890.00",569618,"2,99,41,64,097.00",50886
09-Aug-2024,EQ,"5,204.95","5,246.65","5,190.75","5,158.90","5,205.00","5,207.20","5,210.59","5,894.55","2,890.00",333635,"1,73,84,36,804.35",32136
08-Aug-2024,EQ,"5,235.00","5,252.00","5,146.90","5,241.15","5,159.00","5,158.90","5,194.48","5,894.55","2,890.00",243559,"1,26,51,63,021.55",41866
07-Aug-2024,EQ,"5,230.00","5,314.75","5,223.20","5,173.80","5,229.00","5,241.15","5,261.83","5,894.55","2,890.00",515480,"2,71,23,68,719.80",47173
06-Aug-2024,EQ,"5,200.25","5,255.10","5,158.00","5,183.90","5,192.55","5,173.80","5,194.67","5,894.55","2,890.00",552856,"2,87,19,06,362.20",51023
05-Aug-2024,EQ,"5,180.05","5,247.00","5,123.00","5,274.20","5,192.60","5,183.90","5,178.29","5,894.55","2,890.00",439371,"2,27,51,91,722.85",54162
02-Aug-2024,EQ,"5,325.00","5,374.10","5,236.45","5,371.85","5,285.70","5,274.20","5,298.56","5,894.55","2,890.00",402666,"2,13,35,47,987.80",49870
01-Aug-2024,EQ,"5,487.45","5,487.45","5,325.40","5,488.45","5,375.00","5,371.85","5,390.95","5,894.55","2,890.00",868140,"4,68,01,00,275.60",67144
31-Jul-2024,EQ,"5,452.90","5,536.15","5,405.20","5,444.30","5,521.80","5,488.45","5,477.61","5,894.55","2,890.00",870466,"4,76,80,73,515.60",45952
30-Jul-2024,EQ,"5,455.00","5,548.00","5,410.60","5,424.35","5,435.40","5,444.30","5,480.19","5,894.55","2,890.00",412385,"2,25,99,50,138.25",59309
29-Jul-2024,EQ,"5,505.25","5,532.65","5,397.30","5,478.90","5,424.00","5,424.35","5,429.03","5,894.55","2,890.00",418301,"2,27,09,70,545.10",45948
26-Jul-2024,EQ,"5,410.00","5,546.20","5,397.35","5,403.20","5,484.00","5,478.90","5,492.06","5,894.55","2,890.00",517306,"2,84,10,75,740.25",47694
25-Jul-2024,EQ,"5,401.00","5,450.30","5,353.00","5,417.75","5,395.00","5,403.20","5,398.37","5,894.55","2,890.00",438831,"2,36,89,72,361.80",52140
24-Jul-2024,EQ,"5,513.00","5,513.00","5,405.00","5,513.55","5,440.00","5,417.75","5,444.17","5,894.55","2,890.00",723617,"3,93,94,95,204.65",66088
23-Jul-2024,EQ,"5,485.00","5,659.85","5,329.70","5,463.15","5,509.00","5,513.55","5,531.87","5,894.55","2,890.00",908996,"5,02,84,45,201.30",76992
22-Jul-2024,EQ,"5,422.00","5,490.00","5,390.00","5,427.70","5,474.15","5,463.15","5,466.92","5,894.55","2,890.00",415035,"2,26,89,62,738.25",33805
19-Jul-2024,EQ,"5,519.95","5,527.75","5,371.00","5,502.20","5,421.95","5,427.70","5,430.37","5,894.55","2,890.00",370397,"2,01,13,94,287.95",35873
18-Jul-2024,EQ,"5,545.50","5,578.00","5,417.10","5,578.10","5,495.00","5,502.20","5,487.36","5,894.55","2,890.00",841644,"4,61,84,07,191.70",66949
16-Jul-2024,EQ,"5,617.00","5,659.00","5,562.00","5,606.35","5,567.95","5,578.10","5,602.35","5,894.55","2,890.00",336317,"1,88,41,65,056.40",31615
15-Jul-2024,EQ,"5,547.00","5,639.00","5,528.60","5,546.90","5,590.85","5,606.35","5,601.13","5,894.55","2,890.00",249438,"1,39,71,35,468.45",31111
12-Jul-2024,EQ,"5,533.90","5,600.00","5,505.15","5,526.25","5,537.40","5,546.90","5,550.73","5,894.55","2,890.00",265681,"1,47,47,23,630.30",30447
11-Jul-2024,EQ,"5,530.00","5,560.50","5,503.00","5,508.75","5,531.05","5,526.25","5,522.50","5,894.55","2,890.00",491353,"2,71,34,95,319.55",53290
10-Jul-2024,EQ,"5,595.00","5,650.00","5,470.60","5,589.15","5,511.00","5,508.75","5,533.94","5,894.55","2,890.00",354244,"1,96,03,65,538.30",41099
09-Jul-2024,EQ,"5,525.05","5,599.45","5,505.05","5,501.90","5,584.00","5,589.15","5,562.34","5,894.55","2,890.00",570084,"3,17,10,03,319.65",54253
08-Jul-2024,EQ,"5,565.65","5,630.00","5,487.55","5,558.05","5,518.00","5,501.90","5,544.09","5,894.55","2,890.00",478557,"2,65,31,61,544.00",38712
05-Jul-2024,EQ,"5,558.35","5,597.00","5,382.60","5,558.35","5,554.80","5,558.05","5,545.63","5,894.55","2,862.40",613329,"3,40,12,97,650.00",62564
04-Jul-2024,EQ,"5,594.00","5,603.95","5,530.60","5,579.75","5,570.00","5,558.35","5,562.81","5,894.55","2,862.40",676316,"3,76,22,17,709.40",58448
03-Jul-2024,EQ,"5,599.90","5,627.95","5,553.05","5,567.10","5,581.00","5,579.75","5,576.81","5,894.55","2,862.40",329072,"1,83,51,71,551.90",35227
02-Jul-2024,EQ,"5,670.00","5,674.00","5,500.00","5,603.10","5,557.15","5,567.10","5,594.83","5,894.55","2,862.40",689851,"3,85,96,01,547.05",61181
01-Jul-2024,EQ,"5,595.00","5,728.30","5,585.00","5,579.60","5,605.00","5,603.10","5,634.43","5,894.55","2,862.40",1018344,"5,73,77,91,024.00",70925
28-Jun-2024,EQ,"5,500.00","5,605.25","5,452.10","5,485.20","5,590.00","5,579.60","5,551.32","5,894.55","2,775.00",539635,"2,99,56,85,783.90",55203
27-Jun-2024,EQ,"5,459.90","5,510.00","5,421.00","5,453.00","5,480.00","5,485.20","5,468.15","5,894.55","2,775.00",874237,"4,78,04,58,184.15",116931
26-Jun-2024,EQ,"5,529.00","5,544.00","5,428.00","5,510.00","5,456.20","5,453.00","5,462.03","5,894.55","2,775.00",384494,"2,10,01,17,975.10",58764
25-Jun-2024,EQ,"5,565.90","5,579.85","5,473.45","5,524.45","5,529.00","5,510.00","5,540.41","5,894.55","2,775.00",1118588,"6,19,74,32,156.45",51266
24-Jun-2024,EQ,"5,390.00","5,534.00","5,390.00","5,452.00","5,520.00","5,524.45","5,480.55","5,894.55","2,775.00",464982,"2,54,83,57,906.55",54287
21-Jun-2024,EQ,"5,481.00","5,615.00","5,432.00","5,504.60","5,450.00","5,452.00","5,517.93","5,894.55","2,745.05",669719,"3,69,54,59,568.65",61766
20-Jun-2024,EQ,"5,669.00","5,669.00","5,496.00","5,647.70","5,511.95","5,504.60","5,558.12","5,894.55","2,745.05",840321,"4,67,06,07,319.80",117175
19-Jun-2024,EQ,"5,774.80","5,779.80","5,625.00","5,754.85","5,646.00","5,647.70","5,678.04","5,894.55","2,745.05",447054,"2,53,83,90,848.40",53445
18-Jun-2024,EQ,"5,824.00","5,894.55","5,736.70","5,804.20","5,768.00","5,754.85","5,800.64","5,894.55","2,745.05",527069,"3,05,73,36,531.30",55218
14-Jun-2024,EQ,"5,823.00","5,864.75","5,761.60","5,816.00","5,790.05","5,804.20","5,815.63","5,864.75","2,745.05",573273,"3,33,39,42,343.85",63681
13-Jun-2024,EQ,"5,820.20","5,840.00","5,731.00","5,790.20","5,801.00","5,816.00","5,798.94","5,859.00","2,745.05",547596,"3,17,54,77,653.40",55939
12-Jun-2024,EQ,"5,800.00","5,859.00","5,776.60","5,786.60","5,786.00","5,790.20","5,809.27","5,859.00","2,745.05",668529,"3,88,36,68,795.80",55788
11-Jun-2024,EQ,"5,730.00","5,846.40","5,705.00","5,722.20","5,775.00","5,786.60","5,782.27","5,846.40","2,745.05",1015127,"5,86,97,37,129.85",95361
10-Jun-2024,EQ,"5,585.00","5,785.00","5,581.05","5,581.85","5,710.00","5,722.20","5,730.67","5,785.00","2,745.05",1018162,"5,83,47,49,609.60",108726
07-Jun-2024,EQ,"5,583.90","5,637.40","5,538.00","5,534.25","5,579.00","5,581.85","5,585.14","5,775.20","2,745.05",637134,"3,55,84,80,919.05",67123
06-Jun-2024,EQ,"5,655.10","5,735.45","5,472.35","5,658.50","5,535.00","5,534.25","5,543.61","5,775.20","2,745.05",1498100,"8,30,48,83,675.40",181562
05-Jun-2024,EQ,"5,315.00","5,775.20","5,315.00","5,310.70","5,625.00","5,658.50","5,623.99","5,775.20","2,745.05",2058534,"11,57,71,72,236.20",165295
04-Jun-2024,EQ,"5,165.00","5,349.00","4,920.25","5,160.60","5,323.90","5,310.70","5,205.19","5,349.00","2,745.05",1945233,"10,12,53,07,749.80",190131
03-Jun-2024,EQ,"5,280.00","5,314.00","5,154.60","5,119.60","5,162.00","5,160.60","5,221.64","5,314.00","2,745.05",962485,"5,02,57,48,011.80",87217
31-May-2024,EQ,"5,175.00","5,189.95","5,003.50","5,136.00","5,125.20","5,119.60","5,108.21","5,225.00","2,736.05",1905070,"9,73,14,99,944.95",105638
30-May-2024,EQ,"5,129.00","5,186.95","5,094.70","5,143.75","5,152.00","5,136.00","5,142.82","5,225.00","2,736.05",457454,"2,35,26,04,420.25",61741
29-May-2024,EQ,"5,171.05","5,202.15","5,106.05","5,183.95","5,126.70","5,143.75","5,152.40","5,225.00","2,736.05",409279,"2,10,87,69,993.35",44550
28-May-2024,EQ,"5,084.95","5,225.00","5,045.00","5,083.90","5,185.00","5,183.95","5,168.16","5,225.00","2,736.05",727224,"3,75,84,10,095.85",77705
27-May-2024,EQ,"5,126.00","5,128.80","5,050.00","5,118.30","5,088.50","5,083.90","5,093.72","5,198.15","2,736.05",380940,"1,94,04,01,226.80",44651
24-May-2024,EQ,"5,105.10","5,198.15","5,080.05","5,145.20","5,105.00","5,118.30","5,134.80","5,198.15","2,674.05",458258,"2,35,30,64,140.05",42217
23-May-2024,EQ,"5,000.00","5,155.45","4,963.05","4,995.95","5,130.20","5,145.20","5,063.81","5,168.60","2,674.05",644911,"3,26,57,07,299.05",81442
22-May-2024,EQ,"5,050.00","5,067.95","4,965.00","5,053.85","4,997.00","4,995.95","4,999.11","5,168.60","2,674.05",422368,"2,11,14,62,922.60",39522
21-May-2024,EQ,"5,075.00","5,122.80","5,029.25","5,109.85","5,045.00","5,053.85","5,072.68","5,168.60","2,674.05",480490,"2,43,73,72,162.05",44916
18-May-2024,EQ,"5,118.00","5,135.50","5,095.00","5,089.20","5,100.00","5,109.85","5,115.00","5,168.60","2,606.00",21635,"11,06,62,925.50",3555
17-May-2024,EQ,"5,135.00","5,168.60","5,072.85","5,141.35","5,092.50","5,089.20","5,110.35","5,168.60","2,606.00",609690,"3,11,57,31,572.30",62924
16-May-2024,EQ,"5,064.95","5,154.95","5,041.70","5,057.30","5,142.00","5,141.35","5,101.72","5,154.95","2,606.00",1296732,"6,61,55,59,295.20",123536
15-May-2024,EQ,"5,058.00","5,103.00","5,020.75","5,043.45","5,037.90","5,057.30","5,060.17","5,103.00","2,606.00",882851,"4,46,73,78,310.45",62551
14-May-2024,EQ,"4,914.90","5,051.00","4,905.05","4,885.55","5,050.00","5,043.45","5,005.81","5,051.00","2,606.00",1335266,"6,68,40,88,095.60",108514
13-May-2024,EQ,"4,908.00","4,909.95","4,730.60","4,877.40","4,881.10","4,885.55","4,813.48","4,954.35","2,606.00",624906,"3,00,79,74,526.15",59773
10-May-2024,EQ,"4,788.60","4,954.35","4,774.80","4,764.90","4,877.00","4,877.40","4,893.64","4,954.35","2,566.00",1520297,"7,43,97,86,198.75",131923
09-May-2024,EQ,"4,655.00","4,922.00","4,633.85","4,613.90","4,761.00","4,764.90","4,815.58","4,949.05","2,566.00",3589872,"17,28,73,31,097.55",250396
08-May-2024,EQ,"4,492.65","4,662.00","4,414.65","4,476.75","4,588.00","4,613.90","4,560.11","4,949.05","2,566.00",1313834,"5,99,12,31,972.65",107055
07-May-2024,EQ,"4,528.95","4,534.45","4,432.20","4,509.75","4,479.90","4,476.75","4,481.54","4,949.05","2,566.00",456294,"2,04,48,97,780.85",52226
06-May-2024,EQ,"4,571.95","4,582.70","4,465.50","4,552.75","4,510.00","4,509.75","4,508.61","4,949.05","2,566.00",241049,"1,08,67,95,200.35",38323
03-May-2024,EQ,"4,577.50","4,579.95","4,516.85","4,561.50","4,545.00","4,552.75","4,549.85","4,949.05","2,466.00",347594,"1,58,15,00,855.00",48951
02-May-2024,EQ,"4,625.00","4,625.00","4,551.30","4,543.05","4,565.00","4,561.50","4,575.63","4,949.05","2,466.00",808478,"3,69,92,92,922.40",121799
30-Apr-2024,EQ,"4,465.00","4,588.20","4,465.00","4,457.70","4,551.00","4,543.05","4,550.41","4,949.05","2,466.00",828084,"3,76,81,18,131.00",61664
29-Apr-2024,EQ,"4,530.00","4,530.00","4,445.60","4,491.60","4,451.10","4,457.70","4,465.52","4,949.05","2,466.00",590104,"2,63,51,18,588.90",47804
26-Apr-2024,EQ,"4,510.25","4,540.80","4,466.45","4,498.30","4,493.00","4,491.60","4,499.11","4,949.05","2,443.40",497777,"2,23,95,51,880.20",47173
25-Apr-2024,EQ,"4,401.00","4,515.00","4,366.90","4,393.35","4,500.45","4,498.30","4,468.78","4,949.05","2,443.40",1103462,"4,93,11,32,035.70",91314
24-Apr-2024,EQ,"4,360.00","4,405.35","4,335.10","4,345.05","4,401.00","4,393.35","4,371.05","4,949.05","2,443.40",658601,"2,87,87,77,450.40",69004
23-Apr-2024,EQ,"4,338.00","4,368.90","4,286.90","4,311.90","4,348.90","4,345.05","4,336.14","4,949.05","2,443.40",547228,"2,37,28,54,573.75",48463
22-Apr-2024,EQ,"4,239.85","4,335.00","4,206.90","4,213.70","4,320.00","4,311.90","4,268.34","4,949.05","2,443.40",619635,"2,64,48,09,943.70",61012
19-Apr-2024,EQ,"4,251.25","4,251.25","4,168.15","4,251.30","4,217.00","4,213.70","4,205.35","4,949.05","2,419.50",674079,"2,83,47,35,749.50",87604
18-Apr-2024,EQ,"4,358.00","4,398.65","4,231.60","4,322.90","4,264.00","4,251.30","4,304.19","4,949.05","2,419.50",1103254,"4,74,86,17,011.70",113143
16-Apr-2024,EQ,"4,344.00","4,446.45","4,288.05","4,381.20","4,325.00","4,322.90","4,357.40","4,949.05","2,419.50",719918,"3,13,69,69,302.80",77552
15-Apr-2024,EQ,"4,430.00","4,440.55","4,368.95","4,440.80","4,380.15","4,381.20","4,392.16","4,949.05","2,419.50",645166,"2,83,36,72,321.90",61315
12-Apr-2024,EQ,"4,509.00","4,522.80","4,431.00","4,494.90","4,450.00","4,440.80","4,469.30","4,949.05","2,417.15",438331,"1,95,90,30,606.70",50362
10-Apr-2024,EQ,"4,551.70","4,551.70","4,475.90","4,521.70","4,495.10","4,494.90","4,499.40","4,949.05","2,417.15",515061,"2,31,74,65,743.30",65328
09-Apr-2024,EQ,"4,615.00","4,673.25","4,505.00","4,595.10","4,522.00","4,521.70","4,566.01","4,949.05","2,417.15",945922,"4,31,90,86,939.80",88056
08-Apr-2024,EQ,"4,540.00","4,608.85","4,525.10","4,524.90","4,597.00","4,595.10","4,577.55","4,949.05","2,417.15",711580,"3,25,72,89,662.75",63648
05-Apr-2024,EQ,"4,480.50","4,565.60","4,468.35","4,522.95","4,523.05","4,524.90","4,532.50","4,949.05","2,372.05",605460,"2,74,42,47,960.00",43180
04-Apr-2024,EQ,"4,585.00","4,590.00","4,462.75","4,557.20","4,527.00","4,522.95","4,505.27","4,949.05","2,372.05",1378250,"6,20,93,95,068.40",139062
03-Apr-2024,EQ,"4,584.90","4,603.25","4,526.50","4,560.80","4,560.00","4,557.20","4,564.55","4,949.05","2,372.05",681469,"3,11,05,97,987.55",79448
02-Apr-2024,EQ,"4,650.00","4,685.45","4,522.00","4,680.75","4,566.95","4,560.80","4,577.88","4,949.05","2,372.05",1342779,"6,14,70,80,410.40",106891
01-Apr-2024,EQ,"4,740.00","4,779.75","4,662.10","4,722.30","4,690.00","4,680.75","4,700.93","4,949.05","2,372.05",664163,"3,12,21,86,063.40",48184
28-Mar-2024,EQ,"4,604.00","4,750.00","4,583.20","4,572.55","4,730.00","4,722.30","4,689.97","4,949.05","2,246.00",1086607,"5,09,61,55,030.85",116294
27-Mar-2024,EQ,"4,692.00","4,698.00","4,560.00","4,671.15","4,575.90","4,572.55","4,618.93","4,949.05","2,246.00",693528,"3,20,33,56,477.20",74365
26-Mar-2024,EQ,"4,684.00","4,724.55","4,633.55","4,684.00","4,673.95","4,671.15","4,667.86","4,949.05","2,246.00",551123,"2,57,25,67,091.90",59090
22-Mar-2024,EQ,"4,538.80","4,736.35","4,517.60","4,519.90","4,698.15","4,684.00","4,662.42","4,949.05","2,246.00",902115,"4,20,60,36,683.10",85775
21-Mar-2024,EQ,"4,527.80","4,545.00","4,445.20","4,510.45","4,520.60","4,519.90","4,495.86","4,949.05","2,246.00",633619,"2,84,86,65,053.00",82452
20-Mar-2024,EQ,"4,542.00","4,588.95","4,480.00","4,541.75","4,490.00","4,510.45","4,536.16","4,949.05","2,246.00",418716,"1,89,93,61,938.80",51446
19-Mar-2024,EQ,"4,554.00","4,597.60","4,509.60","4,554.20","4,525.25","4,541.75","4,543.79","4,949.05","2,246.00",388757,"1,76,64,31,478.75",47465
18-Mar-2024,EQ,"4,560.50","4,582.50","4,527.55","4,585.30","4,541.65","4,554.20","4,557.34","4,949.05","2,246.00",232124,"1,05,78,69,064.80",30671
15-Mar-2024,EQ,"4,655.00","4,680.85","4,500.65","4,675.30","4,571.00","4,585.30","4,572.99","4,949.05","2,246.00",1278695,"5,84,74,64,439.95",78397
14-Mar-2024,EQ,"4,455.00","4,682.15","4,455.00","4,512.10","4,678.00","4,675.30","4,624.18","4,949.05","2,246.00",708629,"3,27,68,26,471.95",90978
13-Mar-2024,EQ,"4,646.00","4,686.75","4,476.55","4,658.90","4,501.15","4,512.10","4,561.73","4,949.05","2,246.00",700123,"3,19,37,69,822.85",60725
12-Mar-2024,EQ,"4,666.30","4,697.00","4,633.00","4,671.70","4,648.05","4,658.90","4,666.96","4,949.05","2,246.00",312738,"1,45,95,35,381.65",36785
11-Mar-2024,EQ,"4,700.00","4,725.00","4,600.55","4,652.90","4,650.00","4,671.70","4,676.05","4,949.05","2,246.00",644170,"3,01,21,69,853.20",69198
07-Mar-2024,EQ,"4,650.00","4,704.00","4,620.80","4,635.30","4,650.00","4,652.90","4,655.26","4,949.05","2,246.00",684934,"3,18,85,49,101.75",65259
06-Mar-2024,EQ,"4,580.00","4,649.00","4,536.10","4,590.00","4,645.00","4,635.30","4,597.64","4,949.05","2,246.00",353334,"1,62,45,01,695.50",47508
05-Mar-2024,EQ,"4,611.65","4,644.75","4,571.85","4,611.70","4,590.00","4,590.00","4,601.73","4,949.05","2,246.00",442519,"2,03,63,52,467.20",42577
04-Mar-2024,EQ,"4,589.95","4,630.00","4,563.00","4,581.45","4,608.85","4,611.70","4,604.15","4,949.05","2,246.00",570306,"2,62,57,73,868.85",54347
02-Mar-2024,EQ,"4,570.05","4,595.00","4,552.35","4,507.10","4,578.00","4,581.45","4,578.47","4,949.05","2,246.00",156722,"71,75,46,688.65",11555
01-Mar-2024,EQ,"4,459.90","4,525.00","4,450.00","4,426.50","4,500.55","4,507.10","4,490.16","4,949.05","2,246.00",510674,"2,29,30,05,988.60",63519
29-Feb-2024,EQ,"4,379.00","4,454.00","4,350.00","4,375.05","4,412.10","4,426.50","4,413.29","4,949.05","2,246.00",1548190,"6,83,26,12,901.70",93544
28-Feb-2024,EQ,"4,440.00","4,459.20","4,349.05","4,430.05","4,376.60","4,375.05","4,384.30","4,949.05","2,246.00",569688,"2,49,76,83,088.10",61950
27-Feb-2024,EQ,"4,501.80","4,519.00","4,408.00","4,496.10","4,420.10","4,430.05","4,444.24","4,949.05","2,246.00",830187,"3,68,95,50,705.15",80854
26-Feb-2024,EQ,"4,523.95","4,530.00","4,470.15","4,519.25","4,496.90","4,496.10","4,497.02","4,949.05","2,246.00",605090,"2,72,11,03,583.55",50859
23-Feb-2024,EQ,"4,535.00","4,604.95","4,485.10","4,495.15","4,503.00","4,519.25","4,538.83","4,949.05","2,246.00",819122,"3,71,78,58,797.80",70767
22-Feb-2024,EQ,"4,559.95","4,578.80","4,440.65","4,534.85","4,510.25","4,495.15","4,480.23","4,949.05","2,246.00",1441798,"6,45,95,90,700.80",122427
21-Feb-2024,EQ,"4,594.65","4,619.95","4,508.00","4,663.35","4,540.00","4,534.85","4,567.18","4,949.05","2,246.00",1112050,"5,07,89,28,967.55",101736
20-Feb-2024,EQ,"4,852.60","4,882.00","4,653.00","4,852.60","4,665.70","4,663.35","4,691.09","4,949.05","2,246.00",1153742,"5,41,23,12,650.45",94566
19-Feb-2024,EQ,"4,928.95","4,944.00","4,843.85","4,894.30","4,854.00","4,852.60","4,891.63","4,949.05","2,246.00",524294,"2,56,46,53,733.60",45377
16-Feb-2024,EQ,"4,830.00","4,920.00","4,830.00","4,816.95","4,898.90","4,894.30","4,887.04","4,949.05","2,246.00",848705,"4,14,76,57,455.35",66840
15-Feb-2024,EQ,"4,830.20","4,854.80","4,787.05","4,814.05","4,802.50","4,816.95","4,815.53","4,949.05","2,246.00",530347,"2,55,39,04,462.05",57990
14-Feb-2024,EQ,"4,707.00","4,825.00","4,661.10","4,744.80","4,825.00","4,814.05","4,758.62","4,949.05","2,246.00",735284,"3,49,89,35,788.70",59679
13-Feb-2024,EQ,"4,728.00","4,829.85","4,706.30","4,687.50","4,748.00","4,744.80","4,767.60","4,949.05","2,246.00",938269,"4,47,32,87,388.35",95106
12-Feb-2024,EQ,"4,949.05","4,949.05","4,627.55","4,908.85","4,699.05","4,687.50","4,717.77","4,949.05","2,246.00",1321957,"6,23,66,86,003.15",118310
09-Feb-2024,EQ,"4,840.00","4,924.00","4,792.10","4,807.90","4,905.00","4,908.85","4,859.75","4,924.00","2,246.00",718094,"3,48,97,54,763.00",63301
08-Feb-2024,EQ,"4,795.95","4,824.70","4,764.40","4,793.35","4,810.00","4,807.90","4,801.58","4,824.70","2,246.00",444060,"2,13,21,87,447.65",64977
07-Feb-2024,EQ,"4,790.00","4,817.25","4,730.15","4,783.45","4,795.00","4,793.35","4,780.41","4,817.25","2,246.00",265821,"1,27,07,34,391.80",39731
06-Feb-2024,EQ,"4,746.55","4,792.00","4,733.00","4,746.65","4,790.00","4,783.45","4,765.79","4,792.00","2,246.00",261001,"1,24,38,75,224.65",29185
05-Feb-2024,EQ,"4,720.00","4,774.35","4,700.00","4,717.30","4,734.75","4,746.65","4,746.91","4,774.35","2,246.00",425966,"2,02,20,24,242.35",40945
02-Feb-2024,EQ,"4,598.00","4,769.30","4,590.05","4,586.70","4,709.00","4,717.30","4,721.65","4,769.30","2,246.00",994506,"4,69,57,06,845.90",91543
01-Feb-2024,EQ,"4,621.70","4,717.85","4,575.00","4,621.55","4,585.00","4,586.70","4,630.29","4,717.85","2,246.00",660378,"3,05,77,39,566.25",75618
31-Jan-2024,EQ,"4,567.50","4,636.90","4,518.15","4,588.35","4,620.00","4,621.55","4,599.21","4,662.00","2,246.00",645505,"2,96,88,11,880.40",54234
30-Jan-2024,EQ,"4,627.00","4,662.00","4,580.05","4,593.50","4,585.00","4,588.35","4,626.08","4,662.00","2,246.00",709726,"3,28,32,47,052.00",46863
29-Jan-2024,EQ,"4,448.00","4,625.00","4,426.35","4,442.15","4,600.00","4,593.50","4,534.04","4,625.00","2,246.00",418127,"1,89,58,04,079.55",47221
25-Jan-2024,EQ,"4,448.85","4,480.05","4,378.50","4,433.65","4,424.50","4,442.15","4,432.31","4,560.00","2,246.00",664356,"2,94,46,31,430.85",92995
24-Jan-2024,EQ,"4,429.00","4,453.60","4,310.90","4,444.20","4,418.40","4,433.65","4,370.76","4,560.00","2,246.00",596736,"2,60,81,87,021.40",78875
23-Jan-2024,EQ,"4,401.65","4,560.00","4,401.65","4,401.65","4,432.85","4,444.20","4,496.38","4,560.00","2,246.00",1399043,"6,29,06,24,983.75",122553
20-Jan-2024,EQ,"4,410.00","4,425.70","4,385.00","4,399.75","4,405.00","4,401.65","4,406.51","4,450.00","2,246.00",111872,"49,29,65,099.50",14193
19-Jan-2024,EQ,"4,395.00","4,440.85","4,374.00","4,394.00","4,395.00","4,399.75","4,400.36","4,450.00","2,246.00",383901,"1,68,93,01,624.65",42202
18-Jan-2024,EQ,"4,334.00","4,411.65","4,296.90","4,370.85","4,399.35","4,394.00","4,375.65","4,450.00","2,246.00",570816,"2,49,76,89,506.90",57969
17-Jan-2024,EQ,"4,346.00","4,430.00","4,341.00","4,384.65","4,370.50","4,370.85","4,391.90","4,450.00","2,246.00",443836,"1,94,92,81,880.15",53446
16-Jan-2024,EQ,"4,340.10","4,450.00","4,340.10","4,372.40","4,387.00","4,384.65","4,409.92","4,450.00","2,246.00",972808,"4,29,00,05,363.70",75882
15-Jan-2024,EQ,"4,383.15","4,413.55","4,337.15","4,383.15","4,373.00","4,372.40","4,370.46","4,413.55","2,246.00",490217,"2,14,24,73,190.40",51912
12-Jan-2024,EQ,"4,242.65","4,395.00","4,242.65","4,342.20","4,369.00","4,383.15","4,349.04","4,395.00","2,246.00",905401,"3,93,76,24,747.40",63414
11-Jan-2024,EQ,"4,175.00","4,395.00","4,162.00","4,138.05","4,330.00","4,342.20","4,304.32","4,395.00","2,246.00",2133475,"9,18,31,50,304.35",135275
10-Jan-2024,EQ,"4,094.20","4,177.00","4,086.10","4,112.50","4,176.70","4,138.05","4,116.56","4,193.40","2,246.00",511944,"2,10,74,48,830.65",55938
09-Jan-2024,EQ,"4,047.95","4,148.75","4,031.10","4,009.50","4,125.00","4,112.50","4,105.30","4,193.40","2,246.00",1043602,"4,28,42,97,083.90",104158
08-Jan-2024,EQ,"4,014.90","4,050.00","3,993.55","3,990.30","4,010.90","4,009.50","4,022.18","4,193.40","2,246.00",508360,"2,04,47,17,679.40",48145
05-Jan-2024,EQ,"3,960.00","4,037.00","3,953.75","3,946.95","3,986.95","3,990.30","4,002.11","4,193.40","2,246.00",593042,"2,37,34,16,858.80",59316
04-Jan-2024,EQ,"3,997.50","4,006.15","3,929.85","3,989.85","3,945.00","3,946.95","3,954.45","4,193.40","2,246.00",630734,"2,49,42,08,749.55",62211
03-Jan-2024,EQ,"4,000.00","4,061.95","3,971.70","4,088.20","3,995.05","3,989.85","4,001.88","4,193.40","2,246.00",896596,"3,58,80,66,699.95",61382
02-Jan-2024,EQ,"4,114.05","4,118.95","4,025.20","4,118.55","4,092.00","4,088.20","4,071.61","4,193.40","2,246.00",507848,"2,06,77,59,182.50",46760
01-Jan-2024,EQ,"4,139.55","4,181.40","4,085.00","4,139.55","4,120.00","4,118.55","4,132.89","4,193.40","2,246.00",392408,"1,62,17,80,143.30",41840