"Date","Open","High","Low","Close","Volume"
"01-Jan-2019","621.90","630.20","621.90","627.30","12,179,223"
"02-Jan-2019","623.00","628.50","617.50","620.05","12,386,281"
"03-Jan-2019","621.40","622.00","603.65","607.95","13,228,602"
"04-Jan-2019","612.00","624.75","609.50","619.60","8,381,367"
"07-Jan-2019","626.00","640.70","624.20","637.45","11,735,286"
"08-Jan-2019","636.00","653.75","630.60","650.90","11,879,875"
"09-Jan-2019","652.35","672.05","652.35","670.10","18,003,387"
"10-Jan-2019","668.90","668.90","654.60","663.25","12,751,327"
"11-Jan-2019","665.00","668.50","658.20","666.50","8,330,315"
"14-Jan-2019","663.00","663.00","652.55","659.20","6,856,244"
"15-Jan-2019","661.30","664.25","655.05","660.60","5,467,484"
"16-Jan-2019","660.70","670.40","660.70","664.00","6,598,151"
"17-Jan-2019","669.90","680.00","665.60","676.65","10,448,209"
"18-Jan-2019","674.90","676.05","661.45","664.60","7,037,386"
"21-Jan-2019","661.55","664.50","656.50","660.30","6,157,956"
"22-Jan-2019","656.35","663.60","653.85","661.60","7,951,640"
"23-Jan-2019","659.50","667.00","658.60","661.60","7,596,006"
"24-Jan-2019","665.00","665.55","655.00","663.65","7,013,582"
"25-Jan-2019","665.20","676.85","665.20","669.75","6,628,922"
"28-Jan-2019","669.00","674.45","650.35","656.30","7,792,690"
"29-Jan-2019","658.50","671.00","649.55","660.75","8,302,420"
"30-Jan-2019","687.05","703.35","683.75","690.95","46,912,230"
"31-Jan-2019","697.25","726.85","689.05","722.70","35,239,544"
"01-Feb-2019","720.75","726.40","705.40","717.25","13,792,059"
"04-Feb-2019","711.30","724.50","708.00","720.50","8,195,956"
"05-Feb-2019","722.00","731.60","719.50","729.50","8,665,426"
"06-Feb-2019","731.30","734.50","715.60","725.75","8,077,340"
"07-Feb-2019","726.25","733.80","724.00","730.15","7,203,465"
"08-Feb-2019","727.00","732.80","716.25","719.40","7,341,956"
"11-Feb-2019","719.90","719.90","705.30","710.85","7,234,953"
"12-Feb-2019","701.00","713.40","700.00","705.60","15,856,819"
"13-Feb-2019","700.00","707.45","695.05","697.50","11,399,689"
"14-Feb-2019","706.00","706.40","692.60","695.00","10,383,603"
"15-Feb-2019","700.00","704.00","681.70","686.60","10,866,440"
"18-Feb-2019","686.00","697.70","680.70","693.30","7,135,564"
"19-Feb-2019","693.30","705.40","689.65","693.05","6,816,325"
"20-Feb-2019","697.60","703.00","695.30","700.35","5,772,687"
"21-Feb-2019","700.50","706.50","695.10","697.20","6,674,353"
"22-Feb-2019","697.45","704.45","691.20","702.05","9,822,278"
"25-Feb-2019","702.90","705.80","696.10","703.70","11,428,024"
"26-Feb-2019","694.00","715.60","693.05","710.15","9,166,951"
"27-Feb-2019","714.95","727.80","713.05","718.20","13,284,424"
"28-Feb-2019","723.45","723.45","706.40","709.55","26,230,891"
"01-Mar-2019","713.50","714.95","699.55","702.40","7,713,824"
"05-Mar-2019","705.70","733.90","700.70","732.05","11,298,428"
"06-Mar-2019","733.90","733.90","712.55","720.60","10,510,670"
"07-Mar-2019","720.75","739.45","720.75","733.75","11,263,734"
"08-Mar-2019","732.00","737.25","728.40","733.40","7,744,794"
"11-Mar-2019","733.30","744.90","730.60","734.50","9,421,608"
"12-Mar-2019","738.70","749.00","738.55","742.55","8,131,901"
"13-Mar-2019","743.60","751.00","736.50","738.00","12,333,789"
"14-Mar-2019","740.00","749.70","737.40","740.60","7,100,875"
"15-Mar-2019","742.95","748.95","731.70","735.10","14,560,368"
"18-Mar-2019","741.00","756.00","740.25","751.60","9,823,043"
"19-Mar-2019","755.00","763.00","749.05","760.90","8,818,172"
"20-Mar-2019","760.75","767.00","754.35","755.75","9,758,274"
"22-Mar-2019","764.70","765.90","735.55","757.05","10,355,078"
"25-Mar-2019","752.70","755.00","741.15","745.70","7,130,411"
"26-Mar-2019","747.40","760.95","741.65","757.10","7,300,104"
"27-Mar-2019","761.30","770.00","755.85","759.30","7,456,768"
"28-Mar-2019","761.10","787.65","757.15","780.70","16,643,818"
"29-Mar-2019","777.00","781.35","767.60","777.25","9,661,906"
"01-Apr-2019","780.95","783.00","760.60","765.60","6,021,202"
"02-Apr-2019","769.15","774.95","761.00","767.40","6,592,678"
"03-Apr-2019","770.00","772.75","758.70","761.50","5,591,613"
"04-Apr-2019","763.00","771.90","760.00","762.15","7,009,879"
"05-Apr-2019","763.95","768.75","756.10","762.20","5,343,947"
"08-Apr-2019","764.30","768.00","748.55","754.60","4,918,795"
"09-Apr-2019","755.00","766.00","751.00","763.40","5,483,424"
"10-Apr-2019","761.25","767.90","758.00","760.85","5,933,250"
"11-Apr-2019","760.50","761.35","747.00","752.30","5,365,803"
"12-Apr-2019","753.40","766.75","751.60","764.35","4,671,869"
"15-Apr-2019","764.00","770.20","760.00","762.85","3,707,106"
"16-Apr-2019","765.10","776.00","765.10","771.10","7,088,601"
"18-Apr-2019","778.40","779.00","769.00","771.20","6,098,041"
"22-Apr-2019","768.90","768.90","750.55","755.50","4,185,156"
"23-Apr-2019","757.45","759.30","749.00","753.25","5,098,170"
"24-Apr-2019","754.70","755.70","738.35","752.85","7,825,049"
"25-Apr-2019","754.00","758.55","738.55","740.90","10,282,068"
"26-Apr-2019","762.00","765.15","747.25","759.90","23,294,204"
"30-Apr-2019","759.95","769.70","755.80","766.85","12,434,805"
"02-May-2019","765.40","767.80","748.05","752.35","7,033,021"
"03-May-2019","754.15","763.80","753.45","757.30","5,970,814"
"06-May-2019","746.00","753.40","744.10","747.45","5,909,936"
"07-May-2019","751.85","755.50","740.00","741.85","5,071,941"
"08-May-2019","741.90","744.75","733.35","735.50","6,739,894"
"09-May-2019","733.90","740.50","729.40","731.00","4,193,451"
"10-May-2019","734.40","738.50","729.50","735.05","3,913,815"
"13-May-2019","734.00","742.85","730.00","732.10","5,891,071"
"14-May-2019","729.40","738.50","722.50","731.35","7,049,134"
"15-May-2019","735.80","737.70","716.10","721.95","4,849,130"
"16-May-2019","720.95","735.00","718.70","731.85","5,142,617"
"17-May-2019","731.80","752.15","727.20","748.95","9,072,242"
"20-May-2019","760.20","790.65","760.20","782.40","15,866,697"
"21-May-2019","789.70","791.80","771.05","772.95","9,251,548"
"22-May-2019","774.80","784.00","770.20","779.15","5,928,186"
"23-May-2019","788.00","804.30","770.60","776.40","14,776,218"
"24-May-2019","779.45","795.90","778.50","793.20","9,323,114"
"27-May-2019","794.00","816.40","787.20","813.90","9,128,216"
"28-May-2019","816.30","822.10","801.00","808.40","13,473,187"
"29-May-2019","806.75","813.00","802.10","804.70","5,958,128"
"30-May-2019","803.25","814.20","803.25","807.55","6,414,384"
"31-May-2019","811.00","818.70","793.20","808.30","11,140,585"
"03-Jun-2019","813.55","814.65","803.10","812.65","6,427,567"
"04-Jun-2019","807.55","827.75","805.50","822.80","9,515,354"
"06-Jun-2019","824.00","825.95","805.80","807.70","14,728,937"
"07-Jun-2019","811.10","813.25","801.30","804.00","6,884,094"
"10-Jun-2019","807.40","816.75","807.40","814.15","5,923,875"
"11-Jun-2019","817.15","821.45","807.00","814.80","5,471,529"
"12-Jun-2019","814.05","815.75","809.10","813.55","4,707,478"
"13-Jun-2019","811.25","823.40","810.75","820.15","9,056,584"
"14-Jun-2019","820.10","823.10","797.45","801.20","8,919,370"
"17-Jun-2019","800.10","801.00","775.10","777.70","10,151,212"
"18-Jun-2019","781.95","784.85","770.10","775.75","8,347,632"
"19-Jun-2019","780.80","789.00","763.35","770.70","6,411,258"
"20-Jun-2019","772.00","775.45","758.85","771.40","9,190,732"
"21-Jun-2019","774.75","778.25","762.80","771.05","12,610,688"
"24-Jun-2019","771.00","775.25","761.00","762.85","4,866,859"
"25-Jun-2019","761.25","783.00","756.55","781.65","10,044,436"
"26-Jun-2019","782.90","792.00","781.70","788.60","8,715,757"
"27-Jun-2019","788.95","806.85","781.60","800.45","18,439,210"
"28-Jun-2019","801.15","812.90","793.30","808.55","9,174,348"
"01-Jul-2019","810.75","819.00","807.45","810.45","5,896,530"
"02-Jul-2019","811.10","812.55","800.75","802.60","7,549,027"
"03-Jul-2019","802.65","811.50","801.50","806.20","5,535,230"
"04-Jul-2019","810.00","813.20","804.30","808.85","5,553,273"
"05-Jul-2019","808.00","812.95","801.30","806.10","5,871,202"
"08-Jul-2019","802.00","803.65","778.65","782.90","7,485,169"
"09-Jul-2019","778.50","788.80","776.40","786.20","6,448,920"
"10-Jul-2019","786.65","790.00","764.55","769.25","5,814,417"
"11-Jul-2019","773.50","773.50","763.00","766.40","7,111,401"
"12-Jul-2019","766.10","768.60","751.00","755.80","8,552,548"
"15-Jul-2019","757.25","759.65","744.00","749.75","6,350,785"
"16-Jul-2019","750.00","763.20","747.55","761.05","6,170,479"
"17-Jul-2019","763.10","765.55","750.05","752.60","5,757,193"
"18-Jul-2019","754.00","755.00","734.60","740.40","11,283,488"
"19-Jul-2019","743.55","746.80","723.30","729.25","8,091,007"
"22-Jul-2019","730.00","738.50","720.00","727.45","7,020,071"
"23-Jul-2019","732.90","739.30","726.10","728.00","7,048,354"
"24-Jul-2019","728.00","732.80","709.35","712.30","6,618,279"
"25-Jul-2019","711.20","726.25","706.35","723.15","9,972,204"
"26-Jul-2019","723.55","732.00","719.20","729.85","5,450,010"
"29-Jul-2019","736.20","740.00","710.00","720.25","10,314,136"
"30-Jul-2019","725.95","728.00","701.00","707.60","14,100,900"
"31-Jul-2019","694.00","694.90","657.80","674.10","55,836,793"
"01-Aug-2019","673.95","680.75","662.65","669.30","17,001,210"
"02-Aug-2019","667.40","681.65","661.60","673.85","14,426,295"
"05-Aug-2019","665.50","669.35","650.20","662.45","13,042,504"
"06-Aug-2019","658.70","682.85","654.00","679.00","12,419,831"
"07-Aug-2019","679.00","679.50","654.25","659.95","10,486,156"
"08-Aug-2019","660.60","664.30","643.20","660.10","17,563,795"
"09-Aug-2019","664.20","675.95","660.00","660.80","9,289,628"
"13-Aug-2019","662.20","668.70","645.00","649.45","7,389,394"
"14-Aug-2019","652.80","669.45","652.00","663.20","7,148,518"
"16-Aug-2019","664.00","678.00","656.85","675.65","7,040,117"
"19-Aug-2019","678.80","689.00","676.35","685.00","9,082,914"
"20-Aug-2019","685.15","685.20","669.50","672.35","7,602,499"
"21-Aug-2019","674.00","674.15","659.65","664.70","7,892,687"
"22-Aug-2019","665.00","669.85","657.75","661.15","9,262,172"
"23-Aug-2019","659.75","671.55","645.25","663.90","7,775,604"
"26-Aug-2019","677.25","686.65","660.55","683.70","8,864,341"
"27-Aug-2019","697.00","697.55","680.50","682.95","12,015,623"
"28-Aug-2019","685.10","689.35","673.50","678.20","5,677,087"
"29-Aug-2019","674.00","676.75","658.90","661.15","8,753,540"
"30-Aug-2019","664.90","668.60","640.10","663.90","17,115,901"
"03-Sep-2019","658.80","658.80","641.45","645.70","8,461,431"
"04-Sep-2019","644.20","653.00","638.60","647.30","10,786,466"
"05-Sep-2019","652.00","659.75","644.05","649.60","8,108,303"
"06-Sep-2019","653.10","672.75","653.10","671.10","11,101,456"
"09-Sep-2019","667.65","675.80","662.75","671.55","5,607,331"
"11-Sep-2019","674.55","683.50","671.00","681.70","5,966,906"
"12-Sep-2019","680.10","681.65","660.55","662.90","8,087,081"
"13-Sep-2019","663.55","675.40","657.05","674.25","12,105,997"
"16-Sep-2019","666.60","674.40","664.95","670.90","7,659,588"
"17-Sep-2019","667.00","668.30","638.05","640.45","17,297,040"
"18-Sep-2019","645.50","654.50","641.55","648.40","9,702,162"
"19-Sep-2019","648.20","650.00","632.60","638.20","9,554,331"
"20-Sep-2019","641.05","689.45","622.65","680.35","38,862,975"
"23-Sep-2019","703.90","732.00","695.85","725.50","31,417,887"
"24-Sep-2019","728.25","733.25","702.25","704.40","15,683,656"
"25-Sep-2019","702.00","703.45","683.65","694.95","17,058,681"
"26-Sep-2019","686.60","719.65","686.55","699.90","15,007,372"
"27-Sep-2019","700.20","707.95","692.50","700.60","10,245,068"
"30-Sep-2019","704.05","712.40","682.10","685.00","20,073,726"
"01-Oct-2019","687.10","701.25","656.25","679.15","49,442,205"
"03-Oct-2019","675.00","675.90","646.70","668.40","17,615,854"
"04-Oct-2019","669.90","677.40","651.40","656.40","15,317,105"
"07-Oct-2019","660.95","681.90","651.70","673.45","21,554,138"
"09-Oct-2019","671.90","689.50","664.30","686.30","11,537,721"
"10-Oct-2019","680.00","684.30","665.35","672.95","8,679,981"
"11-Oct-2019","676.55","686.00","668.30","672.70","11,042,828"
"14-Oct-2019","677.80","693.95","673.35","683.50","11,099,352"
"15-Oct-2019","682.60","694.85","681.30","690.05","9,260,732"
"16-Oct-2019","693.40","695.40","683.55","693.40","10,404,705"
"17-Oct-2019","690.50","712.40","690.50","710.30","10,617,761"
"18-Oct-2019","709.85","715.70","705.25","709.55","9,500,635"
"22-Oct-2019","712.40","723.00","703.30","712.75","9,704,016"
"23-Oct-2019","718.00","730.00","710.05","714.85","16,158,781"
"24-Oct-2019","719.95","723.00","701.55","707.70","8,986,203"
"25-Oct-2019","708.00","711.00","695.00","708.60","8,226,456"
"27-Oct-2019","711.00","715.05","708.55","710.10","965,772"
"29-Oct-2019","706.50","742.90","704.25","738.45","10,422,117"
"30-Oct-2019","745.00","749.90","735.50","747.40","10,188,947"
"31-Oct-2019","748.00","750.00","732.05","736.35","8,775,411"
"01-Nov-2019","736.00","750.00","728.10","748.30","8,484,197"
"04-Nov-2019","754.95","754.95","735.55","742.60","7,851,370"
"05-Nov-2019","741.80","745.60","730.60","738.05","7,306,253"
"06-Nov-2019","736.95","750.90","728.75","747.25","7,821,243"
"07-Nov-2019","750.00","756.00","732.50","734.75","9,871,570"
"08-Nov-2019","735.90","735.90","722.80","725.50","7,427,196"
"11-Nov-2019","723.40","735.50","721.20","733.70","6,355,142"
"13-Nov-2019","733.70","737.40","707.85","711.20","9,290,616"
"14-Nov-2019","711.00","721.80","707.25","715.90","8,000,528"
"15-Nov-2019","716.75","723.50","710.60","716.90","9,315,652"
"18-Nov-2019","717.80","725.50","712.20","722.95","7,907,958"
"19-Nov-2019","725.00","750.20","725.00","747.80","14,424,251"
"20-Nov-2019","748.00","753.85","741.25","748.75","8,798,051"
"21-Nov-2019","749.00","749.00","734.30","737.40","5,529,542"
"22-Nov-2019","737.40","740.00","727.50","732.10","4,889,776"
"25-Nov-2019","731.95","756.80","730.00","754.75","6,888,402"
"26-Nov-2019","756.80","762.00","744.00","752.25","14,624,880"
"27-Nov-2019","755.00","763.75","748.40","752.90","8,436,862"
"28-Nov-2019","752.30","755.65","745.75","750.60","9,235,443"
"29-Nov-2019","749.90","756.35","736.50","739.05","12,674,173"
"02-Dec-2019","739.25","746.00","737.35","744.30","8,285,491"
"03-Dec-2019","744.95","744.95","730.65","733.40","5,408,215"
"04-Dec-2019","732.85","747.00","729.30","739.85","8,016,237"
"05-Dec-2019","743.00","745.00","725.30","729.25","8,151,690"
"06-Dec-2019","732.80","735.25","715.00","717.60","7,458,610"
"09-Dec-2019","713.45","733.90","710.00","732.00","8,977,174"
"10-Dec-2019","731.00","734.80","714.00","715.70","7,625,748"
"11-Dec-2019","711.50","722.40","709.05","716.55","8,266,375"
"12-Dec-2019","719.00","725.30","715.15","722.10","5,519,774"
"13-Dec-2019","725.60","754.85","725.00","752.00","14,834,140"
"16-Dec-2019","752.25","754.70","746.20","747.25","7,286,003"
"17-Dec-2019","747.60","756.50","741.35","745.65","9,788,065"
"18-Dec-2019","745.80","748.55","737.60","741.85","6,678,420"
"19-Dec-2019","743.10","750.00","740.65","742.55","8,400,708"
"20-Dec-2019","744.70","747.00","737.30","739.85","7,019,925"
"23-Dec-2019","736.90","748.60","735.00","743.15","10,250,382"
"24-Dec-2019","744.50","744.70","737.80","740.65","3,642,916"
"26-Dec-2019","737.50","740.65","733.90","736.50","7,919,368"
"27-Dec-2019","739.00","762.00","736.30","760.15","10,736,285"
"30-Dec-2019","760.90","765.75","751.05","754.10","10,034,206"
"31-Dec-2019","753.85","765.85","751.40","754.10","11,660,781"
"01-Jan-2020","754.90","759.95","747.20","748.70","4,917,748"
"02-Jan-2020","750.00","759.00","747.60","756.95","5,156,046"
"03-Jan-2020","753.15","756.25","740.50","742.95","8,489,729"
"06-Jan-2020","739.45","739.60","721.70","723.25","6,356,198"
"07-Jan-2020","728.00","738.00","721.05","725.75","9,103,360"
"08-Jan-2020","715.25","725.75","709.10","724.50","8,973,215"
"09-Jan-2020","733.55","745.00","731.00","742.85","7,559,853"
"10-Jan-2020","743.00","751.80","734.80","740.05","8,550,490"
"13-Jan-2020","740.00","746.75","735.35","737.40","6,423,758"
"14-Jan-2020","740.00","751.40","734.20","747.90","7,237,665"
"15-Jan-2020","747.05","749.00","738.00","746.30","7,911,661"
"16-Jan-2020","746.50","750.40","735.10","737.30","6,487,613"
"17-Jan-2020","734.85","742.45","730.85","739.90","7,678,864"
"20-Jan-2020","742.95","746.20","725.00","727.20","10,677,371"
"21-Jan-2020","726.35","729.60","716.05","717.60","8,242,803"
"22-Jan-2020","717.00","722.75","706.60","712.60","13,321,307"
"23-Jan-2020","725.05","737.55","719.40","723.00","20,643,257"
"24-Jan-2020","723.40","741.70","720.40","737.40","9,541,490"
"27-Jan-2020","732.45","748.45","731.00","740.25","9,170,435"
"28-Jan-2020","738.40","746.50","735.00","737.15","7,836,737"
"29-Jan-2020","740.00","745.50","733.55","735.25","7,985,274"
"30-Jan-2020","735.75","736.40","727.30","730.90","6,041,343"
"31-Jan-2020","734.70","737.25","725.20","729.30","8,345,819"
"01-Jan-2021","620.25","625.45","617.55","623.80","6,047,062"
"04-Jan-2021","627.80","633.00","621.30","624.70","14,068,156"
"05-Jan-2021","618.00","667.90","618.00","664.45","37,973,963"
"06-Jan-2021","662.00","667.15","649.15","654.25","20,829,645"
"07-Jan-2021","659.00","676.50","659.00","671.10","17,887,570"
"08-Jan-2021","678.00","678.85","668.50","672.70","12,272,794"
"11-Jan-2021","676.00","676.65","660.15","666.95","7,928,365"
"12-Jan-2021","661.30","685.00","659.25","675.70","13,301,893"
"13-Jan-2021","676.00","691.20","669.05","687.80","15,645,903"
"14-Jan-2021","678.50","687.80","674.65","676.00","9,337,503"
"15-Jan-2021","677.60","682.95","669.60","674.85","12,339,771"
"18-Jan-2021","674.45","675.00","651.15","657.00","13,460,603"
"19-Jan-2021","663.55","671.95","659.75","668.75","9,010,539"
"20-Jan-2021","664.00","680.95","664.00","675.75","9,980,614"
"21-Jan-2021","680.75","695.00","669.75","675.85","15,849,438"
"22-Jan-2021","670.00","673.90","638.80","644.50","21,392,223"
"25-Jan-2021","654.00","668.00","639.35","658.40","21,325,345"
"27-Jan-2021","659.95","663.80","627.40","632.10","24,462,588"
"28-Jan-2021","622.00","674.70","616.00","670.70","64,303,975"
"29-Jan-2021","671.00","675.85","653.00","662.90","31,273,252"
"01-Feb-2021","665.00","717.00","654.35","709.35","30,648,270"
"02-Feb-2021","719.25","744.95","704.20","714.20","28,703,320"
"03-Feb-2021","720.00","736.80","715.55","733.80","23,541,361"
"04-Feb-2021","730.00","745.50","720.60","743.90","20,490,289"
"05-Feb-2021","749.00","766.30","717.00","719.60","31,121,503"
"08-Feb-2021","726.00","747.80","726.00","736.15","15,662,890"
"09-Feb-2021","735.75","750.00","726.20","742.50","22,307,807"
"10-Feb-2021","741.55","746.40","726.10","734.80","15,140,744"
"11-Feb-2021","731.00","744.15","731.00","740.10","11,897,710"
"12-Feb-2021","735.50","754.70","734.55","750.40","15,668,442"
"15-Feb-2021","759.90","799.00","753.90","794.00","20,648,115"
"16-Feb-2021","799.00","799.00","767.00","775.05","23,968,943"
"17-Feb-2021","774.00","785.00","764.30","777.75","16,956,357"
"18-Feb-2021","775.00","782.00","764.00","777.00","19,685,663"
"19-Feb-2021","772.90","777.20","741.35","749.65","15,634,787"
"22-Feb-2021","749.65","749.85","715.00","719.45","18,123,202"
"23-Feb-2021","732.35","734.95","712.60","715.95","16,804,763"
"24-Feb-2021","722.00","754.90","717.05","749.40","11,207,286"
"25-Feb-2021","765.00","783.50","762.15","770.65","26,635,119"
"26-Feb-2021","746.00","758.70","718.65","724.80","31,306,177"
"01-Mar-2021","738.00","743.50","722.25","728.55","14,301,187"
"02-Mar-2021","730.45","740.50","722.00","731.25","14,503,453"
"03-Mar-2021","740.50","760.80","735.10","753.95","13,603,791"
"04-Mar-2021","731.10","751.45","731.10","736.80","16,896,947"
"05-Mar-2021","732.00","744.10","720.50","730.75","16,358,252"
"08-Mar-2021","735.00","752.50","732.00","743.30","13,898,556"
"09-Mar-2021","758.70","758.70","740.00","745.45","18,951,683"
"10-Mar-2021","750.50","765.70","749.15","760.75","13,377,990"
"12-Mar-2021","772.60","776.60","745.00","750.60","16,343,307"
"15-Mar-2021","754.00","754.00","716.65","744.40","22,466,579"
"16-Mar-2021","751.00","752.00","735.95","737.75","11,358,574"
"17-Mar-2021","739.00","742.00","724.70","727.90","12,380,976"
"18-Mar-2021","736.00","743.10","707.25","718.75","12,261,544"
"19-Mar-2021","709.00","729.35","703.50","726.25","20,377,672"
"22-Mar-2021","719.00","730.00","709.30","716.20","14,802,230"
"23-Mar-2021","718.00","739.50","714.10","730.55","15,949,688"
"24-Mar-2021","723.25","725.00","703.30","706.40","14,379,147"
"25-Mar-2021","709.50","710.90","680.00","694.60","21,179,280"
"26-Mar-2021","707.00","707.00","693.15","698.20","13,143,312"
"30-Mar-2021","705.00","713.30","691.00","695.35","25,965,742"
"31-Mar-2021","696.00","703.55","692.10","697.45","14,924,620"
"01-Apr-2021","706.30","717.00","695.55","713.00","13,090,326"
"05-Apr-2021","707.20","708.45","677.45","685.25","16,239,521"
"06-Apr-2021","690.10","693.50","675.50","677.90","12,062,011"
"07-Apr-2021","680.50","691.90","668.40","688.25","14,433,515"
"08-Apr-2021","691.50","695.50","679.35","681.60","9,026,398"
"09-Apr-2021","679.30","686.80","667.00","668.20","12,509,114"
"12-Apr-2021","651.00","655.00","626.65","635.60","14,649,541"
"13-Apr-2021","635.60","664.85","630.00","661.00","12,737,650"
"15-Apr-2021","666.45","671.35","652.30","668.85","15,195,951"
"16-Apr-2021","668.65","675.25","662.35","669.20","12,242,522"
"19-Apr-2021","650.00","655.30","631.00","648.15","17,292,072"
"20-Apr-2021","656.00","662.00","643.00","651.75","12,296,248"
"22-Apr-2021","641.00","660.95","634.40","658.70","19,385,102"
"23-Apr-2021","656.00","677.50","650.90","671.35","19,167,768"
"26-Apr-2021","694.00","703.80","684.50","700.45","21,646,184"
"27-Apr-2021","691.10","703.90","684.10","699.55","46,559,967"
"28-Apr-2021","708.00","712.50","688.15","708.15","54,060,587"
"29-Apr-2021","712.00","726.90","707.00","719.40","25,939,327"
"30-Apr-2021","705.00","729.85","705.00","714.90","23,011,654"
"03-May-2021","706.00","708.00","692.10","702.75","13,752,878"
"04-May-2021","704.00","718.65","698.10","700.35","11,980,155"
"05-May-2021","709.00","719.05","700.00","717.20","11,155,033"
"06-May-2021","718.00","722.85","710.25","715.75","9,484,934"
"07-May-2021","721.00","726.90","714.00","716.75","7,131,970"
"10-May-2021","723.50","725.00","714.00","715.25","7,980,462"
"11-May-2021","704.80","713.70","703.00","707.35","12,736,700"
"12-May-2021","704.00","705.75","689.05","691.30","10,856,584"
"14-May-2021","695.00","698.60","681.40","685.00","9,377,968"
"17-May-2021","691.50","710.30","684.40","709.25","12,099,197"
"18-May-2021","720.00","726.00","708.50","711.65","19,519,055"
"19-May-2021","704.00","723.70","702.20","716.80","20,244,016"
"20-May-2021","708.60","714.40","704.55","705.90","18,840,413"
"21-May-2021","707.00","733.40","707.00","730.90","15,883,692"
"24-May-2021","730.40","747.50","726.75","741.15","15,716,900"
"25-May-2021","744.40","745.00","725.85","731.55","11,344,261"
"26-May-2021","738.00","741.40","729.50","735.10","9,081,086"
"27-May-2021","737.20","753.85","731.00","750.35","23,040,846"
"28-May-2021","752.60","759.70","738.50","739.85","17,149,692"
"31-May-2021","737.90","753.00","734.00","750.70","9,275,086"
"01-Jun-2021","753.55","754.00","741.15","745.15","6,660,243"
"02-Jun-2021","744.80","745.30","734.20","737.00","9,973,043"
"03-Jun-2021","743.00","752.25","739.00","750.65","8,170,508"
"04-Jun-2021","751.00","759.90","740.10","742.05","10,336,011"
"07-Jun-2021","743.10","753.95","741.50","751.10","6,986,728"
"08-Jun-2021","751.00","751.10","739.50","746.35","6,426,815"
"09-Jun-2021","746.00","751.25","730.15","736.75","8,004,726"
"10-Jun-2021","739.45","745.35","732.90","744.25","7,795,125"
"11-Jun-2021","746.25","746.25","737.00","738.45","4,840,759"
"14-Jun-2021","735.90","741.40","725.00","736.25","5,190,670"
"15-Jun-2021","736.00","752.00","732.00","750.90","9,686,490"
"16-Jun-2021","748.80","756.85","746.25","749.80","8,614,096"
"17-Jun-2021","741.95","745.40","736.00","738.60","6,674,329"
"18-Jun-2021","742.15","743.20","722.25","736.30","8,143,792"
"21-Jun-2021","725.00","740.90","720.50","739.55","6,464,497"
"22-Jun-2021","743.20","749.00","737.05","739.35","6,727,233"
"23-Jun-2021","743.20","743.75","730.80","732.35","6,154,147"
"24-Jun-2021","735.90","742.95","731.10","739.15","5,313,822"
"25-Jun-2021","737.55","765.95","737.55","761.35","11,170,037"
"28-Jun-2021","764.55","769.60","757.75","762.40","7,672,743"
"29-Jun-2021","761.00","763.55","750.05","751.95","7,500,655"
"30-Jun-2021","752.50","760.50","746.55","748.30","5,459,970"
"01-Jul-2021","750.00","754.40","744.50","746.45","5,695,690"
"02-Jul-2021","747.60","752.85","744.00","750.65","3,557,647"
"05-Jul-2021","757.10","762.00","753.40","760.35","4,680,089"
"06-Jul-2021","757.00","767.00","755.20","758.35","5,529,485"
"07-Jul-2021","755.90","764.00","752.25","762.90","3,573,368"
"08-Jul-2021","760.00","767.15","751.70","754.40","4,188,267"
"09-Jul-2021","752.00","752.90","740.25","747.35","5,782,119"
"12-Jul-2021","752.50","757.80","748.30","753.60","4,475,466"
"13-Jul-2021","759.00","773.00","755.00","770.75","9,810,976"
"14-Jul-2021","770.95","773.45","764.00","770.05","5,621,924"
"15-Jul-2021","770.50","778.25","766.50","774.15","4,239,868"
"16-Jul-2021","776.00","776.00","766.55","771.15","2,913,553"
"19-Jul-2021","752.30","766.65","749.60","755.20","5,554,486"
"20-Jul-2021","755.00","755.20","744.20","745.75","5,815,740"
"22-Jul-2021","750.10","758.50","741.00","746.75","7,876,163"
"23-Jul-2021","749.00","764.00","740.10","755.40","6,604,465"
"26-Jul-2021","754.00","760.00","745.00","756.30","7,890,992"
"27-Jul-2021","750.50","756.00","729.10","731.70","15,441,543"
"28-Jul-2021","734.80","734.80","712.10","722.90","11,102,486"
"29-Jul-2021","720.00","728.50","716.00","717.25","6,855,673"
"30-Jul-2021","718.05","718.65","707.15","708.90","10,358,450"
"02-Aug-2021","715.00","725.55","712.00","721.15","6,823,345"
"03-Aug-2021","724.00","740.85","719.30","738.60","9,265,839"
"04-Aug-2021","740.50","757.00","738.65","753.80","9,744,349"
"05-Aug-2021","753.00","755.00","743.50","749.30","7,246,991"
"06-Aug-2021","747.00","757.65","738.80","740.85","6,522,599"
"09-Aug-2021","741.00","757.40","739.75","755.50","6,064,688"
"10-Aug-2021","755.50","764.00","755.00","761.55","8,309,248"
"11-Aug-2021","765.00","769.00","752.50","760.80","6,429,468"
"12-Aug-2021","759.00","763.40","753.35","757.35","3,572,081"
"13-Aug-2021","757.50","764.50","754.20","759.90","4,239,376"
"16-Aug-2021","756.00","765.80","756.00","762.00","3,967,629"
"17-Aug-2021","759.00","760.00","749.30","756.75","5,576,110"
"18-Aug-2021","763.80","763.80","750.50","754.40","5,370,460"
"20-Aug-2021","745.80","749.00","736.20","740.25","6,092,036"
"23-Aug-2021","749.50","749.50","734.40","736.10","3,614,761"
"24-Aug-2021","736.00","749.70","731.50","746.35","4,537,435"
"25-Aug-2021","748.20","751.45","735.20","739.05","6,726,509"
"26-Aug-2021","734.10","750.00","732.35","746.35","6,492,155"
"27-Aug-2021","746.50","759.60","741.00","752.40","5,841,967"
"30-Aug-2021","756.00","789.50","754.00","784.05","12,517,507"
"31-Aug-2021","784.90","789.00","778.40","786.50","12,114,870"
"01-Sep-2021","798.10","819.00","795.40","798.90","19,972,195"
"02-Sep-2021","795.50","806.10","792.40","802.70","6,799,617"
"03-Sep-2021","804.50","809.90","787.70","798.00","7,509,746"
"06-Sep-2021","800.85","805.90","795.35","800.80","4,539,192"
"07-Sep-2021","798.00","799.40","782.05","787.85","6,926,921"
"08-Sep-2021","790.00","797.35","783.00","794.70","5,903,035"
"09-Sep-2021","789.00","793.70","784.20","790.15","4,909,325"
"13-Sep-2021","786.00","790.45","783.50","788.35","4,814,443"
"14-Sep-2021","791.00","801.00","790.00","794.40","6,301,208"
"15-Sep-2021","796.00","797.45","787.00","791.40","4,075,592"
"16-Sep-2021","792.50","807.45","789.10","802.60","15,446,511"
"17-Sep-2021","808.85","820.70","797.25","807.35","14,641,298"
"20-Sep-2021","800.00","808.55","791.50","795.85","6,306,484"
"21-Sep-2021","795.25","799.00","772.30","795.35","7,833,561"
"22-Sep-2021","792.50","796.80","786.00","788.35","4,359,142"
"23-Sep-2021","794.35","814.50","792.55","812.15","9,043,492"
"24-Sep-2021","812.55","816.95","795.10","798.05","5,184,626"
"27-Sep-2021","802.90","808.80","792.80","796.95","7,715,259"
"28-Sep-2021","802.00","805.60","778.00","789.20","7,369,680"
"29-Sep-2021","783.00","789.50","778.50","782.15","14,241,004"
"30-Sep-2021","779.90","787.35","764.85","766.55","9,178,187"
"01-Oct-2021","763.40","771.70","754.00","768.15","6,089,895"
"04-Oct-2021","771.10","781.15","770.30","779.00","5,845,527"
"05-Oct-2021","774.40","784.00","771.20","782.60","3,945,224"
"06-Oct-2021","782.25","794.20","776.00","778.95","5,092,479"
"07-Oct-2021","790.00","790.15","774.10","777.10","6,622,698"
"08-Oct-2021","781.90","785.00","776.00","781.95","4,295,686"
"11-Oct-2021","782.00","793.00","779.00","787.15","4,417,455"
"12-Oct-2021","788.00","799.70","785.45","797.15","5,098,502"
"13-Oct-2021","799.95","804.50","793.20","794.60","4,381,414"
"14-Oct-2021","799.00","804.00","788.00","802.05","7,157,116"
"18-Oct-2021","820.00","820.00","802.05","813.30","11,014,585"
"19-Oct-2021","820.00","827.00","798.50","801.65","10,633,732"
"20-Oct-2021","800.60","813.80","792.00","804.80","9,023,067"
"21-Oct-2021","807.95","813.50","792.30","807.80","7,405,639"
"22-Oct-2021","812.00","825.00","806.80","816.70","10,646,970"
"25-Oct-2021","830.10","866.90","825.45","845.10","29,193,770"
"26-Oct-2021","848.40","851.65","823.50","841.90","16,771,909"
"27-Oct-2021","840.00","840.80","785.65","787.50","39,606,414"
"28-Oct-2021","787.50","789.00","754.65","758.35","19,320,926"
"29-Oct-2021","762.00","762.00","714.00","742.00","21,343,427"
"01-Nov-2021","755.00","760.00","740.00","752.35","11,694,854"
"02-Nov-2021","752.50","761.35","748.05","755.85","11,812,106"
"03-Nov-2021","759.45","762.65","748.50","750.60","10,529,505"
"04-Nov-2021","757.00","757.05","751.40","752.95","793,433"
"08-Nov-2021","761.00","761.00","741.50","751.05","13,872,770"
"09-Nov-2021","750.00","753.95","743.35","745.05","12,120,207"
"10-Nov-2021","742.70","753.35","732.00","749.35","10,844,883"
"11-Nov-2021","748.00","748.00","735.10","738.05","6,195,359"
"12-Nov-2021","742.80","742.80","733.50","736.05","9,372,897"
"15-Nov-2021","738.00","744.00","728.00","733.25","12,849,161"
"16-Nov-2021","733.25","733.30","721.30","726.15","8,978,763"
"17-Nov-2021","721.00","724.90","706.75","712.35","18,083,445"
"18-Nov-2021","715.00","716.00","701.90","706.35","13,458,109"
"22-Nov-2021","713.00","713.00","677.40","686.40","16,741,079"
"23-Nov-2021","681.00","692.65","677.35","685.65","16,575,348"
"24-Nov-2021","690.00","695.10","682.05","685.15","11,463,429"
"25-Nov-2021","686.00","687.00","676.55","679.90","9,760,486"
"26-Nov-2021","669.00","674.90","660.45","661.75","10,252,753"
"29-Nov-2021","665.05","665.45","649.35","651.10","12,084,376"
"30-Nov-2021","648.00","677.45","648.00","655.65","24,699,809"
"01-Dec-2021","664.90","681.40","660.00","679.60","16,184,200"
"02-Dec-2021","675.00","678.80","668.05","676.10","8,612,601"
"03-Dec-2021","679.10","687.35","671.00","673.00","9,505,985"
"06-Dec-2021","674.00","678.75","661.15","663.10","8,022,785"
"07-Dec-2021","672.00","691.55","670.00","687.00","15,123,987"
"08-Dec-2021","695.00","701.55","687.65","697.10","11,670,826"
"09-Dec-2021","698.15","699.90","688.00","693.95","7,021,395"
"10-Dec-2021","690.10","691.95","683.75","688.05","5,549,743"
"13-Dec-2021","699.00","711.90","693.10","704.00","13,634,563"
"14-Dec-2021","701.00","714.00","697.60","710.90","8,612,512"
"15-Dec-2021","712.40","720.00","707.55","712.50","7,692,888"
"16-Dec-2021","719.00","721.95","705.05","709.65","7,309,187"
"17-Dec-2021","707.50","708.00","685.10","688.90","7,844,705"
"20-Dec-2021","680.95","681.85","660.10","674.35","9,934,646"
"21-Dec-2021","683.00","683.00","662.50","665.85","10,116,104"
"22-Dec-2021","670.00","676.85","664.00","669.35","7,489,534"
"23-Dec-2021","677.00","684.50","672.60","678.80","6,884,683"
"24-Dec-2021","681.15","682.00","662.45","667.50","6,028,893"
"27-Dec-2021","663.05","674.60","655.95","672.15","6,996,729"
"28-Dec-2021","677.30","680.85","672.00","675.45","4,645,547"
"29-Dec-2021","674.50","679.60","667.25","670.50","3,969,894"
"30-Dec-2021","668.00","673.10","664.50","668.85","5,119,705"
"31-Dec-2021","672.95","686.50","671.20","678.55","5,586,980"
"03-Jan-2022","680.25","698.50","679.00","696.35","8,550,860"
"04-Jan-2022","701.00","711.05","700.05","709.15","9,705,906"
"05-Jan-2022","711.90","730.90","707.75","726.90","11,312,955"
"06-Jan-2022","719.95","733.50","719.00","730.30","7,955,578"
"07-Jan-2022","734.00","740.90","725.25","730.60","10,454,143"
"10-Jan-2022","733.65","744.00","733.20","742.80","9,595,787"
"11-Jan-2022","742.90","747.05","737.30","743.25","7,252,279"
"12-Jan-2022","749.65","751.45","743.15","746.85","5,294,563"
"13-Jan-2022","749.00","749.00","737.05","740.70","5,196,538"
"14-Jan-2022","734.80","735.95","716.05","721.70","16,302,342"
"17-Jan-2022","719.00","720.60","709.50","712.65","19,680,557"
"18-Jan-2022","717.50","735.90","714.25","725.20","24,055,886"
"19-Jan-2022","725.20","731.95","718.70","729.60","7,746,270"
"20-Jan-2022","731.05","737.15","722.15","728.90","8,505,400"
"21-Jan-2022","722.00","725.25","708.05","712.50","10,689,060"
"24-Jan-2022","715.00","716.40","688.20","704.60","8,812,501"
"25-Jan-2022","714.00","755.00","708.60","752.20","38,088,158"
"27-Jan-2022","744.00","777.00","738.10","773.85","34,927,774"
"28-Jan-2022","778.10","784.70","761.50","764.70","17,765,524"
"31-Jan-2022","775.45","777.80","762.35","773.05","12,319,200"
"01-Feb-2022","778.10","793.90","769.10","781.90","15,457,534"
"02-Feb-2022","790.00","805.90","787.35","804.10","13,478,899"
"03-Feb-2022","802.20","811.90","793.05","799.55","10,802,708"
"04-Feb-2022","796.95","804.50","791.15","798.55","10,776,387"
"07-Feb-2022","802.50","803.60","784.10","789.60","10,939,179"
"08-Feb-2022","794.00","801.00","776.15","798.55","12,300,670"
"09-Feb-2022","801.00","809.50","800.15","803.85","9,399,830"
"10-Feb-2022","807.55","815.95","803.10","809.80","12,848,281"
"11-Feb-2022","800.95","809.90","798.50","803.80","9,717,894"
"14-Feb-2022","790.00","803.00","769.95","773.35","8,617,389"
"15-Feb-2022","777.00","799.10","764.30","796.95","7,426,563"
"16-Feb-2022","795.00","808.30","789.30","797.05","7,457,765"
"17-Feb-2022","797.00","802.00","780.50","782.80","6,516,308"
"18-Feb-2022","781.15","790.55","779.00","787.40","5,466,662"
"21-Feb-2022","783.55","796.80","776.10","788.85","5,635,224"
"22-Feb-2022","766.10","787.00","766.10","779.15","6,923,558"
"23-Feb-2022","783.50","785.50","772.25","777.20","6,303,173"
"24-Feb-2022","752.40","769.15","725.30","730.30","13,085,009"
"25-Feb-2022","742.30","764.85","737.40","758.05","10,066,136"
"28-Feb-2022","749.90","749.90","736.20","742.40","14,463,418"
"02-Mar-2022","728.70","756.45","725.00","750.25","11,691,602"
"03-Mar-2022","756.00","759.45","732.40","737.65","8,357,181"
"04-Mar-2022","723.00","732.50","710.05","715.00","11,660,648"
"07-Mar-2022","693.00","705.00","655.60","667.55","20,147,061"
"08-Mar-2022","665.00","673.75","637.00","670.40","24,828,458"
"09-Mar-2022","671.50","680.50","659.10","674.20","20,438,651"
"10-Mar-2022","707.90","720.40","688.25","694.95","23,224,756"
"11-Mar-2022","691.90","706.65","687.45","690.85","14,224,356"
"14-Mar-2022","694.70","712.40","685.00","710.05","10,720,884"
"15-Mar-2022","713.00","718.00","695.00","698.15","12,157,425"
"16-Mar-2022","711.00","726.00","709.10","723.85","10,038,170"
"17-Mar-2022","737.00","746.75","736.45","739.25","13,657,428"
"21-Mar-2022","745.00","749.40","723.70","725.90","7,495,685"
"22-Mar-2022","729.00","736.00","706.35","731.40","11,117,081"
"23-Mar-2022","736.10","742.90","724.65","726.75","5,886,245"
"24-Mar-2022","719.10","730.45","719.00","722.25","7,559,843"
"25-Mar-2022","723.30","726.65","715.50","721.25","5,430,894"
"28-Mar-2022","726.00","737.90","715.05","736.00","7,077,669"
"29-Mar-2022","741.65","741.65","731.00","737.80","6,174,137"
"30-Mar-2022","747.00","765.85","741.30","750.45","16,618,114"
"31-Mar-2022","763.00","763.00","751.30","761.15","20,449,544"
"01-Apr-2022","760.00","775.75","755.15","774.55","9,321,859"
"04-Apr-2022","780.00","785.50","767.00","784.10","10,959,783"
"05-Apr-2022","776.00","796.00","776.00","783.10","7,334,134"
"06-Apr-2022","777.00","779.95","769.20","773.70","9,954,921"
"07-Apr-2022","769.50","795.00","769.20","792.10","9,820,244"
"08-Apr-2022","794.90","800.70","789.00","794.90","8,104,237"
"11-Apr-2022","789.45","794.25","784.05","786.05","6,340,427"
"12-Apr-2022","780.10","801.00","777.80","798.45","7,672,215"
"13-Apr-2022","805.80","805.80","790.85","793.05","7,640,132"
"18-Apr-2022","780.00","801.65","776.00","798.85","11,478,317"
"19-Apr-2022","805.00","816.20","785.55","797.80","8,711,816"
"20-Apr-2022","800.85","802.45","788.60","794.70","6,676,491"
"21-Apr-2022","795.10","804.00","790.55","801.80","6,851,615"
"22-Apr-2022","796.00","798.00","778.20","780.60","6,255,027"
"25-Apr-2022","772.00","788.80","761.25","780.70","8,023,525"
"26-Apr-2022","791.00","796.60","769.00","775.00","11,087,204"
"27-Apr-2022","765.60","772.95","749.00","765.90","11,485,697"
"28-Apr-2022","776.90","785.45","766.35","779.80","11,037,317"
"29-Apr-2022","765.00","766.85","725.00","728.60","34,401,710"
"02-May-2022","722.00","738.20","718.50","727.35","16,136,040"
"04-May-2022","733.00","735.15","704.00","707.20","14,548,684"
"05-May-2022","716.00","721.80","698.90","702.35","12,726,146"
"06-May-2022","690.00","692.50","668.10","673.40","15,511,195"
"09-May-2022","660.20","669.00","648.80","663.70","13,999,329"
"10-May-2022","663.70","672.10","657.55","659.75","9,523,698"
"11-May-2022","661.70","676.00","655.45","672.35","9,352,398"
"12-May-2022","667.00","667.00","644.00","649.65","11,166,084"
"13-May-2022","656.40","659.40","633.40","635.95","9,618,627"
"16-May-2022","639.85","649.20","630.05","638.95","6,159,695"
"17-May-2022","642.90","657.50","641.15","654.95","8,152,237"
"18-May-2022","654.75","670.40","650.30","659.45","13,013,873"
"19-May-2022","643.30","657.75","641.20","650.20","9,216,948"
"20-May-2022","659.75","675.75","658.00","673.10","9,708,672"
"23-May-2022","673.00","684.80","668.55","675.35","7,919,353"
"24-May-2022","669.70","681.45","661.20","664.05","8,088,546"
"25-May-2022","668.00","672.65","660.05","665.00","5,169,619"
"26-May-2022","672.95","685.25","668.00","683.25","10,114,633"
"27-May-2022","689.00","693.80","684.25","688.30","5,539,060"
"30-May-2022","695.10","698.00","690.10","693.65","3,818,060"
"31-May-2022","689.00","696.00","683.05","685.20","10,410,424"
"01-Jun-2022","683.00","692.45","680.50","686.05","6,966,674"
"02-Jun-2022","682.00","693.15","682.00","691.55","6,347,433"
"03-Jun-2022","697.30","698.00","673.15","677.30","8,475,726"
"06-Jun-2022","677.00","684.00","670.30","672.20","6,756,864"
"07-Jun-2022","672.20","678.00","661.10","665.85","8,312,778"
"08-Jun-2022","670.00","673.55","655.45","658.60","9,282,494"
"09-Jun-2022","656.95","662.75","650.00","661.30","5,682,743"
"10-Jun-2022","655.50","663.70","652.20","660.70","6,758,832"
"13-Jun-2022","646.95","652.00","640.10","648.95","6,135,431"
"14-Jun-2022","645.00","655.70","643.10","650.75","5,391,833"
"15-Jun-2022","654.00","656.35","647.20","650.50","4,638,336"
"16-Jun-2022","657.50","658.20","631.05","634.90","5,960,283"
"17-Jun-2022","630.00","640.80","626.60","635.20","6,849,201"
"20-Jun-2022","635.25","637.15","622.20","628.30","5,305,222"
"21-Jun-2022","632.00","645.35","628.15","636.50","10,333,886"
"22-Jun-2022","632.55","633.65","621.25","626.80","5,899,024"
"23-Jun-2022","627.40","640.85","618.25","629.35","8,450,777"
"24-Jun-2022","634.35","642.45","631.65","634.00","6,918,584"
"27-Jun-2022","644.00","646.90","634.70","637.10","4,552,114"
"28-Jun-2022","634.00","644.70","632.00","642.35","10,711,123"
"29-Jun-2022","636.35","637.80","623.50","625.55","13,620,084"
"30-Jun-2022","624.00","639.30","623.65","636.80","10,563,138"
"01-Jul-2022","633.00","646.60","631.80","643.95","6,549,359"
"04-Jul-2022","641.55","655.15","640.50","654.35","3,933,384"
"05-Jul-2022","656.10","659.90","646.00","648.50","5,044,787"
"06-Jul-2022","652.00","659.40","651.00","657.95","6,684,686"
"07-Jul-2022","663.45","664.50","651.65","658.15","11,171,714"
"08-Jul-2022","667.00","676.80","661.40","669.15","12,669,533"
"11-Jul-2022","666.55","681.95","665.35","679.85","14,864,285"
"12-Jul-2022","677.00","685.25","673.00","676.20","6,446,810"
"13-Jul-2022","680.00","685.00","676.95","679.90","9,614,674"
"14-Jul-2022","678.60","680.45","665.60","668.25","8,026,311"
"15-Jul-2022","670.00","674.20","659.10","662.20","6,015,057"
"18-Jul-2022","668.05","688.00","663.45","684.50","12,464,664"
"19-Jul-2022","678.60","703.85","678.60","700.60","10,171,314"
"20-Jul-2022","706.30","714.50","702.70","705.70","11,620,331"
"21-Jul-2022","707.95","718.45","704.35","715.55","8,036,515"
"22-Jul-2022","717.00","735.00","715.10","730.75","9,713,490"
"25-Jul-2022","733.50","738.80","722.50","727.35","6,230,411"
"26-Jul-2022","722.90","723.45","702.05","706.45","14,135,744"
"27-Jul-2022","707.95","720.55","703.60","718.95","6,106,880"
"28-Jul-2022","725.00","733.70","723.05","725.90","6,964,838"
"29-Jul-2022","733.90","734.95","723.00","724.75","6,624,854"
"01-Aug-2022","726.00","732.30","720.40","730.80","5,493,105"
"02-Aug-2022","727.00","734.35","721.10","730.45","7,275,626"
"03-Aug-2022","730.00","738.50","727.50","730.50","9,458,761"
"04-Aug-2022","735.20","736.70","712.20","721.60","7,466,635"
"05-Aug-2022","724.00","731.20","721.20","728.50","4,583,196"
"08-Aug-2022","730.00","747.35","728.10","745.55","8,191,870"
"10-Aug-2022","745.00","747.85","736.15","739.00","9,069,541"
"11-Aug-2022","743.05","760.65","743.05","758.85","12,384,073"
"12-Aug-2022","758.70","762.00","753.40","760.55","4,614,341"
"16-Aug-2022","765.00","772.00","758.45","764.65","7,051,498"
"17-Aug-2022","771.40","773.75","766.25","772.10","7,674,390"
"18-Aug-2022","772.00","776.00","762.10","765.05","9,449,924"
"19-Aug-2022","772.00","772.65","750.25","757.50","7,553,270"
"22-Aug-2022","753.40","754.45","739.20","741.85","4,994,311"
"23-Aug-2022","738.00","750.85","733.80","747.05","6,594,634"
"24-Aug-2022","745.00","752.05","742.00","750.15","6,875,820"
"25-Aug-2022","753.90","758.60","740.00","743.35","6,320,890"
"26-Aug-2022","748.00","755.00","741.30","744.90","4,613,713"
"29-Aug-2022","730.00","734.90","722.05","728.70","5,904,146"
"30-Aug-2022","733.00","753.55","733.00","751.50","9,193,270"
"01-Sep-2022","733.50","754.90","733.50","744.15","9,353,805"
"02-Sep-2022","749.00","754.55","740.25","750.20","7,767,812"
"05-Sep-2022","750.20","758.80","749.35","756.10","5,894,055"
"06-Sep-2022","758.00","761.55","748.80","750.00","7,606,181"
"07-Sep-2022","743.15","758.00","739.05","755.40","10,156,460"
"08-Sep-2022","761.75","782.20","757.10","779.75","13,410,790"
"09-Sep-2022","787.95","787.95","780.00","784.85","8,732,302"
"12-Sep-2022","789.00","805.00","786.80","801.00","15,521,649"
"13-Sep-2022","805.00","808.95","803.15","805.55","9,887,516"
"14-Sep-2022","794.40","811.35","794.40","803.05","10,494,713"
"15-Sep-2022","805.50","806.50","787.65","790.00","5,996,899"
"16-Sep-2022","786.05","792.60","776.10","789.30","11,467,351"
"19-Sep-2022","789.30","802.00","786.70","798.10","11,427,799"
"20-Sep-2022","806.80","816.20","802.00","812.75","8,274,079"
"21-Sep-2022","809.25","816.00","803.35","806.55","6,567,084"
"22-Sep-2022","805.00","808.80","784.30","789.20","7,804,275"
"23-Sep-2022","789.00","789.00","764.25","768.60","10,278,805"
"26-Sep-2022","759.00","763.50","741.00","742.60","11,090,327"
"27-Sep-2022","746.35","754.15","730.50","737.50","11,358,306"
"28-Sep-2022","733.90","733.90","707.70","716.45","13,170,668"
"29-Sep-2022","722.25","730.80","711.00","719.00","12,090,981"
"30-Sep-2022","720.00","737.75","714.40","733.20","9,536,017"
"03-Oct-2022","731.00","742.00","721.05","722.75","6,405,645"
"04-Oct-2022","733.40","744.50","732.00","742.80","5,438,934"
"06-Oct-2022","750.00","760.40","746.00","755.10","9,376,433"
"07-Oct-2022","753.80","757.50","742.30","755.70","7,500,540"
"10-Oct-2022","748.00","778.70","745.00","776.85","14,106,654"
"11-Oct-2022","780.00","795.50","774.50","785.55","15,953,495"
"12-Oct-2022","789.50","810.80","783.45","808.70","21,228,018"
"13-Oct-2022","807.00","814.95","795.60","802.00","13,024,911"
"14-Oct-2022","815.55","820.70","794.45","800.50","8,220,645"
"17-Oct-2022","803.50","817.00","797.10","814.15","9,463,827"
"18-Oct-2022","820.00","822.90","811.55","816.35","8,470,882"
"19-Oct-2022","818.45","838.45","816.90","829.85","10,868,663"
"20-Oct-2022","824.90","831.90","816.95","825.85","11,813,817"
"21-Oct-2022","860.10","906.00","855.85","900.40","58,057,724"
"24-Oct-2022","916.00","918.45","905.00","909.45","3,085,307"
"25-Oct-2022","905.70","910.60","891.60","902.85","13,187,308"
"27-Oct-2022","909.00","919.95","901.25","915.15","11,967,044"
"28-Oct-2022","915.00","917.95","898.90","903.05","7,320,207"
"31-Oct-2022","908.00","918.00","902.10","906.00","9,038,777"
"01-Nov-2022","904.00","904.00","869.00","871.75","29,191,921"
"02-Nov-2022","875.00","877.00","861.60","863.55","11,029,140"
"03-Nov-2022","857.90","880.40","856.00","864.05","10,185,978"
"04-Nov-2022","869.00","872.90","862.30","868.10","7,323,879"
"07-Nov-2022","876.25","876.80","861.30","872.95","9,931,261"
"09-Nov-2022","875.05","880.75","868.50","873.70","10,190,209"
"10-Nov-2022","843.70","856.70","841.00","843.70","18,956,575"
"11-Nov-2022","847.00","854.70","844.15","850.70","19,329,819"
"14-Nov-2022","850.50","853.90","847.35","851.00","6,985,306"
"15-Nov-2022","851.25","859.85","847.20","858.65","7,124,767"
"16-Nov-2022","858.00","861.60","850.60","855.40","6,521,854"
"17-Nov-2022","855.40","861.40","852.70","858.20","4,909,607"
"18-Nov-2022","859.30","865.80","855.00","859.20","7,065,304"
"21-Nov-2022","860.00","870.95","859.00","870.05","7,209,207"
"22-Nov-2022","874.95","877.00","868.35","870.05","5,535,233"
"23-Nov-2022","873.90","877.80","868.75","874.70","5,861,417"
"24-Nov-2022","878.00","880.80","873.10","878.55","4,928,778"
"25-Nov-2022","883.00","891.80","880.90","887.75","7,614,047"
"28-Nov-2022","887.70","899.50","885.30","891.70","7,928,147"
"29-Nov-2022","894.40","901.90","890.00","892.55","5,661,158"
"30-Nov-2022","895.00","905.10","885.45","901.25","10,452,798"
"01-Dec-2022","909.50","909.50","899.50","903.85","7,053,100"
"02-Dec-2022","898.30","907.00","891.40","905.15","7,988,851"
"05-Dec-2022","907.00","907.30","897.60","899.20","5,098,164"
"06-Dec-2022","897.50","906.90","895.70","904.65","5,351,099"
"07-Dec-2022","902.80","918.00","899.85","914.65","9,103,656"
"08-Dec-2022","915.65","943.95","913.75","939.35","17,466,047"
"09-Dec-2022","944.00","945.00","927.60","933.70","8,018,981"
"12-Dec-2022","929.90","941.15","922.00","938.65","7,621,788"
"13-Dec-2022","940.20","949.30","936.60","944.60","8,136,559"
"14-Dec-2022","945.65","950.15","938.50","942.40","8,573,479"
"15-Dec-2022","939.75","944.95","932.60","938.15","7,359,261"
"16-Dec-2022","932.25","945.20","929.10","935.10","6,926,928"
"19-Dec-2022","935.10","948.10","932.40","946.20","4,842,336"
"20-Dec-2022","943.75","952.75","940.45","949.75","9,511,818"
"21-Dec-2022","953.10","958.90","928.00","932.30","8,368,960"
"22-Dec-2022","936.00","936.00","912.95","919.55","9,202,717"
"23-Dec-2022","912.00","917.25","904.00","906.60","6,371,695"
"26-Dec-2022","908.00","932.95","905.10","928.70","4,764,440"
"27-Dec-2022","932.45","937.80","922.60","932.20","3,346,083"
"28-Dec-2022","930.95","937.45","921.30","924.70","5,956,496"
"29-Dec-2022","922.80","944.00","915.80","934.55","12,204,113"
"30-Dec-2022","941.25","943.50","930.35","933.75","3,704,449"
"02-Jan-2023","932.25","945.00","931.80","941.60","3,498,198"
"03-Jan-2023","944.75","965.60","942.60","962.30","6,927,819"
"04-Jan-2023","963.50","970.00","955.00","957.45","9,059,392"
"05-Jan-2023","960.00","961.90","938.25","949.55","6,998,980"
"06-Jan-2023","946.55","950.95","934.30","939.90","5,787,783"
"09-Jan-2023","946.80","960.00","941.35","958.75","7,025,747"
"10-Jan-2023","964.00","964.00","942.75","952.15","7,140,150"
"11-Jan-2023","953.00","955.75","942.80","949.75","7,100,355"
"12-Jan-2023","949.35","949.70","924.00","935.55","8,661,375"
"13-Jan-2023","935.50","937.45","923.00","934.15","9,083,608"
"16-Jan-2023","940.45","941.75","911.70","913.15","10,008,273"
"17-Jan-2023","914.95","919.70","906.70","917.70","6,904,960"
"18-Jan-2023","921.90","925.60","913.25","924.00","5,730,939"
"19-Jan-2023","923.60","938.00","920.75","928.70","7,721,730"
"20-Jan-2023","931.25","934.85","924.65","930.55","4,511,360"
"23-Jan-2023","936.00","939.70","924.45","932.70","5,236,124"
"24-Jan-2023","935.00","935.00","903.75","910.20","18,527,897"
"25-Jan-2023","905.00","907.45","884.20","892.35","11,921,748"
"27-Jan-2023","892.35","892.50","851.00","873.75","17,300,736"
"30-Jan-2023","851.90","885.50","846.15","871.85","21,233,998"
"31-Jan-2023","873.00","879.30","861.10","871.60","16,856,151"
"01-Feb-2023","876.30","895.20","833.30","857.25","12,409,819"
"02-Feb-2023","850.95","872.00","837.05","868.45","9,567,053"
"03-Feb-2023","873.00","885.00","859.25","882.60","7,365,732"
"06-Feb-2023","871.85","899.15","870.60","882.65","10,129,098"
"07-Feb-2023","886.85","888.40","871.50","879.10","5,055,187"
"08-Feb-2023","882.10","886.45","868.25","871.75","6,572,818"
"09-Feb-2023","876.15","876.15","862.55","867.70","5,993,312"
"10-Feb-2023","872.05","872.70","865.15","867.25","4,603,464"
"13-Feb-2023","867.25","870.45","856.50","859.10","5,707,194"
"14-Feb-2023","862.55","871.90","854.25","870.75","7,527,755"
"15-Feb-2023","872.00","872.20","861.60","868.30","7,322,266"
"16-Feb-2023","872.80","874.30","862.25","864.75","5,843,235"
"17-Feb-2023","861.00","868.25","850.00","854.90","8,420,479"
"20-Feb-2023","859.70","861.20","842.50","846.75","5,992,322"
"21-Feb-2023","849.00","849.00","837.40","844.05","9,677,064"
"22-Feb-2023","840.00","843.00","829.55","833.35","6,984,037"
"23-Feb-2023","833.05","848.25","830.20","844.35","8,437,003"
"24-Feb-2023","850.10","854.60","844.45","851.40","7,763,814"
"27-Feb-2023","851.85","858.45","845.95","854.35","8,064,267"
"28-Feb-2023","855.95","857.60","840.00","844.10","13,012,372"
"01-Mar-2023","846.05","868.75","845.05","865.15","12,345,125"
"02-Mar-2023","866.00","866.80","843.50","845.45","13,900,508"
"03-Mar-2023","849.75","858.60","845.60","852.65","7,977,804"
"06-Mar-2023","856.95","863.75","855.60","859.50","10,781,567"
"08-Mar-2023","858.50","862.50","853.05","860.95","8,785,735"
"09-Mar-2023","862.50","874.25","862.00","867.80","14,746,065"
"10-Mar-2023","859.60","861.60","845.50","851.90","11,198,583"
"13-Mar-2023","845.60","857.00","828.45","832.35","8,315,798"
"14-Mar-2023","828.00","835.70","817.40","832.85","12,573,734"
"15-Mar-2023","838.05","843.50","819.35","824.05","6,652,641"
"16-Mar-2023","821.50","837.90","814.30","830.55","8,791,383"
"17-Mar-2023","835.00","841.50","823.00","837.40","7,762,461"
"20-Mar-2023","836.00","841.00","825.55","837.55","10,744,023"
"21-Mar-2023","840.10","857.35","838.75","855.60","11,489,951"
"22-Mar-2023","855.60","859.80","847.05","849.65","8,018,924"
"23-Mar-2023","847.00","861.15","845.10","848.80","9,857,892"
"24-Mar-2023","846.25","852.50","837.25","839.90","8,078,718"
"27-Mar-2023","841.05","842.20","829.20","833.35","10,602,508"
"28-Mar-2023","837.40","837.40","826.05","832.45","11,002,402"
"29-Mar-2023","832.50","848.45","830.00","842.60","17,121,194"
"31-Mar-2023","854.90","860.90","847.50","858.50","12,946,752"
"03-Apr-2023","864.00","866.80","856.45","864.60","13,266,882"
"05-Apr-2023","871.00","871.00","857.00","860.50","11,890,015"
"06-Apr-2023","861.80","863.25","849.00","851.95","19,677,316"
"10-Apr-2023","854.80","854.95","843.95","847.35","15,656,078"
"11-Apr-2023","848.25","855.70","844.05","853.30","23,930,907"
"12-Apr-2023","854.90","856.65","846.65","851.05","13,480,335"
"13-Apr-2023","853.65","867.70","845.00","864.35","23,934,570"
"17-Apr-2023","882.00","882.00","861.00","864.55","22,577,380"
"18-Apr-2023","865.35","872.00","857.10","863.35","17,238,709"
"19-Apr-2023","865.00","874.50","862.55","873.40","23,494,247"
"20-Apr-2023","874.80","875.60","864.15","868.75","19,444,753"
"21-Apr-2023","870.80","873.85","857.50","864.20","15,520,786"
"24-Apr-2023","868.00","884.40","860.50","882.30","18,201,632"
"25-Apr-2023","885.00","895.80","874.40","878.35","36,394,389"
"26-Apr-2023","877.40","889.45","875.20","887.65","19,468,723"
"27-Apr-2023","888.00","890.00","877.50","881.40","15,992,383"
"28-Apr-2023","885.10","890.05","853.65","860.00","23,004,117"
"02-May-2023","870.00","876.40","864.25","870.65","12,947,953"
"03-May-2023","863.85","866.85","854.05","859.85","15,103,015"
"04-May-2023","860.00","867.15","857.50","865.95","9,756,391"
"05-May-2023","867.15","885.00","862.75","865.30","14,343,308"
"08-May-2023","865.30","881.40","865.30","878.45","7,007,882"
"09-May-2023","882.20","890.20","880.00","888.25","12,117,151"
"10-May-2023","892.00","892.50","877.55","889.90","11,893,027"
"11-May-2023","891.00","900.00","889.00","895.95","13,816,121"
"12-May-2023","895.20","913.60","894.00","910.65","10,533,272"
"15-May-2023","910.65","919.50","909.15","915.80","7,339,579"
"16-May-2023","916.20","922.50","912.00","917.80","12,567,615"
"17-May-2023","917.70","918.90","911.25","914.80","10,248,327"
"18-May-2023","920.00","929.50","912.60","914.70","13,614,127"
"19-May-2023","920.90","927.00","908.95","924.05","8,393,002"
"22-May-2023","923.00","927.75","914.40","917.55","9,383,158"
"23-May-2023","917.55","922.50","912.40","916.15","8,273,445"
"24-May-2023","911.15","920.85","910.20","917.70","6,248,545"
"25-May-2023","916.70","923.55","912.45","921.05","8,149,350"
"26-May-2023","918.00","927.90","915.00","926.95","4,908,462"
"29-May-2023","931.00","937.70","928.05","929.80","7,133,871"
"30-May-2023","930.80","939.70","928.05","937.45","7,804,403"
"31-May-2023","937.35","939.90","910.20","914.85","34,757,004"
"01-Jun-2023","922.00","930.95","916.05","919.70","11,817,533"
"02-Jun-2023","922.65","930.50","920.25","926.10","11,616,991"
"05-Jun-2023","927.60","953.90","927.60","950.85","14,520,005"
"06-Jun-2023","951.10","970.75","951.10","968.20","14,457,988"
"07-Jun-2023","972.95","981.25","968.10","976.75","15,795,824"
"08-Jun-2023","973.05","974.85","959.90","962.10","10,209,982"
"09-Jun-2023","967.00","981.70","963.30","974.75","12,947,464"
"12-Jun-2023","973.00","977.90","968.60","974.20","7,465,375"
"13-Jun-2023","974.30","989.70","974.30","985.85","15,233,785"
"14-Jun-2023","986.00","988.20","976.00","977.70","8,644,423"
"15-Jun-2023","988.35","989.00","972.20","977.15","15,978,311"
"16-Jun-2023","982.80","985.45","977.20","981.55","8,860,900"
"19-Jun-2023","983.85","986.00","961.00","965.65","11,025,846"
"20-Jun-2023","965.95","977.00","958.55","974.85","7,596,593"
"21-Jun-2023","978.30","978.30","963.15","966.00","7,805,855"
"22-Jun-2023","962.20","973.45","958.70","966.60","10,135,883"
"23-Jun-2023","960.00","965.50","954.55","958.40","6,188,008"
"26-Jun-2023","959.50","963.50","953.10","960.55","5,799,528"
"27-Jun-2023","967.00","976.00","960.80","973.25","6,921,886"
"28-Jun-2023","979.00","984.00","967.00","978.20","10,010,996"
"30-Jun-2023","977.10","989.85","976.00","987.45","7,096,350"
"03-Jul-2023","990.00","990.00","978.00","982.10","5,562,743"
"04-Jul-2023","982.10","984.85","969.00","970.70","7,396,806"
"05-Jul-2023","969.00","975.50","962.10","966.50","8,200,047"
"06-Jul-2023","961.00","986.10","961.00","980.95","10,221,727"
"07-Jul-2023","976.25","989.45","971.80","976.70","6,236,524"
"10-Jul-2023","976.70","986.00","960.40","964.05","7,138,850"
"11-Jul-2023","967.90","971.75","950.60","953.20","10,616,390"
"12-Jul-2023","956.70","957.55","947.00","950.00","10,141,257"
"13-Jul-2023","956.30","966.00","952.15","960.15","13,079,930"
"14-Jul-2023","964.45","967.00","947.75","957.05","5,383,514"
"17-Jul-2023","960.00","968.90","950.45","964.85","8,472,444"
"18-Jul-2023","964.00","979.95","951.30","963.65","14,457,717"
"19-Jul-2023","964.00","969.90","956.50","964.30","7,574,544"
"20-Jul-2023","963.90","979.90","957.60","977.90","15,329,753"
"21-Jul-2023","971.60","985.00","968.00","971.30","6,230,317"
"24-Jul-2023","973.45","984.95","968.80","971.50","9,167,788"
"25-Jul-2023","977.65","977.65","953.80","962.50","13,448,045"
"26-Jul-2023","966.85","980.00","963.30","976.80","8,298,226"
"27-Jul-2023","989.35","990.00","955.75","959.90","17,858,061"
"28-Jul-2023","959.90","969.75","942.20","949.95","8,504,392"
"31-Jul-2023","954.70","958.60","948.30","953.90","6,601,991"
"01-Aug-2023","956.00","964.00","952.00","959.90","8,409,096"
"02-Aug-2023","951.50","958.90","936.60","945.25","9,324,465"
"03-Aug-2023","944.10","946.60","927.15","935.55","17,076,611"
"04-Aug-2023","947.00","954.85","934.65","952.25","12,376,086"
"07-Aug-2023","952.25","955.00","944.55","947.40","10,922,609"
"08-Aug-2023","950.00","959.90","944.05","952.90","11,512,735"
"09-Aug-2023","952.00","953.30","944.30","950.00","7,701,831"
"10-Aug-2023","948.00","951.95","937.30","939.75","13,590,891"
"11-Aug-2023","937.50","945.70","933.00","937.20","9,558,237"
"14-Aug-2023","935.00","943.30","928.90","939.95","7,172,522"
"16-Aug-2023","935.95","940.00","931.30","933.05","7,394,623"
"17-Aug-2023","935.95","943.00","931.65","936.55","9,336,994"
"18-Aug-2023","934.85","945.95","931.05","943.05","6,648,744"
"21-Aug-2023","944.20","954.25","943.95","952.60","6,822,155"
"22-Aug-2023","953.85","959.10","948.65","957.05","10,860,061"
"23-Aug-2023","962.00","980.45","958.40","979.25","12,677,151"
"24-Aug-2023","984.80","994.25","979.10","981.35","11,899,556"
"25-Aug-2023","974.00","988.20","970.80","983.10","6,228,241"
"28-Aug-2023","980.10","992.50","980.10","990.20","8,451,441"
"29-Aug-2023","990.20","991.00","977.50","980.70","8,114,141"
"30-Aug-2023","983.00","998.00","980.00","983.35","9,023,083"
"31-Aug-2023","981.80","994.70","968.60","973.50","21,558,300"
"01-Sep-2023","974.25","993.00","969.00","991.15","10,946,742"
"04-Sep-2023","993.75","994.55","980.00","982.25","6,727,188"
"05-Sep-2023","985.45","986.20","977.90","981.45","10,548,660"
"06-Sep-2023","981.45","983.15","961.80","965.05","16,351,052"
"07-Sep-2023","965.05","979.80","963.10","978.20","8,686,550"
"08-Sep-2023","978.20","987.30","972.50","980.30","6,439,351"
"11-Sep-2023","981.80","1,004.00","979.00","1,000.40","7,130,484"
"12-Sep-2023","1,010.00","1,010.00","998.05","1,000.90","8,958,327"
"13-Sep-2023","1,002.95","1,017.00","993.70","1,014.45","12,254,423"
"14-Sep-2023","1,014.45","1,022.40","1,009.05","1,020.90","7,855,558"
"15-Sep-2023","1,021.00","1,031.75","1,014.55","1,027.15","8,986,157"
"18-Sep-2023","1,021.55","1,029.90","1,019.00","1,024.75","6,397,319"
"20-Sep-2023","1,012.30","1,047.50","1,012.30","1,027.30","13,619,788"
"21-Sep-2023","1,026.60","1,033.60","1,012.10","1,014.45","8,156,588"
"22-Sep-2023","1,010.00","1,027.25","1,008.00","1,018.25","7,108,110"
"25-Sep-2023","1,015.20","1,026.00","1,005.15","1,018.95","7,123,890"
"26-Sep-2023","1,019.00","1,020.70","1,011.00","1,014.15","6,387,615"
"27-Sep-2023","1,009.95","1,027.95","1,004.00","1,025.20","5,158,686"
"28-Sep-2023","1,027.00","1,037.95","1,025.20","1,030.90","15,818,489"
"29-Sep-2023","1,030.90","1,041.00","1,024.50","1,036.70","9,528,626"
"03-Oct-2023","1,035.00","1,044.70","1,032.60","1,041.05","11,589,322"
"04-Oct-2023","1,035.35","1,037.00","988.85","995.55","22,584,212"
"05-Oct-2023","1,000.00","1,009.20","988.90","1,003.25","7,950,412"
"06-Oct-2023","1,005.00","1,008.00","999.40","1,000.95","5,289,753"
"09-Oct-2023","994.80","999.70","988.25","996.25","6,823,214"
"10-Oct-2023","999.90","1,014.95","996.50","1,012.25","5,728,499"
"11-Oct-2023","1,019.00","1,025.65","1,012.00","1,019.10","7,396,783"
"12-Oct-2023","1,022.00","1,031.00","1,014.95","1,018.45","4,920,222"
"13-Oct-2023","1,009.00","1,011.45","992.25","994.05","12,173,162"
"16-Oct-2023","990.00","1,009.45","990.00","1,004.80","4,646,960"
"17-Oct-2023","1,008.85","1,014.70","1,003.10","1,008.05","6,105,067"
"18-Oct-2023","1,010.00","1,014.10","989.35","992.85","7,818,946"
"19-Oct-2023","979.70","999.00","979.70","991.40","4,836,625"
"20-Oct-2023","989.00","992.90","977.75","980.35","5,664,400"
"23-Oct-2023","980.00","984.90","961.10","964.30","5,896,695"
"25-Oct-2023","960.00","974.00","951.40","955.45","6,957,048"
"26-Oct-2023","956.00","975.00","952.75","972.05","17,540,495"
"27-Oct-2023","980.00","1,004.75","973.30","1,002.75","13,443,016"
"30-Oct-2023","1,002.75","1,002.75","979.20","989.20","5,270,567"
"31-Oct-2023","998.00","998.00","978.00","981.85","7,816,805"
"01-Nov-2023","977.85","979.30","968.00","971.80","5,703,984"
"02-Nov-2023","978.00","988.35","974.00","982.95","5,193,982"
"03-Nov-2023","986.00","991.40","981.50","988.85","4,268,048"
"06-Nov-2023","995.00","1,016.20","993.10","1,009.40","6,552,178"
"07-Nov-2023","1,008.00","1,022.20","1,005.25","1,020.90","6,559,859"
"08-Nov-2023","1,024.00","1,026.95","1,015.60","1,021.70","7,643,314"
"09-Nov-2023","1,024.75","1,028.85","1,016.65","1,021.90","4,407,935"
"10-Nov-2023","1,017.90","1,031.00","1,016.65","1,029.20","3,294,063"
"12-Nov-2023","1,033.90","1,033.90","1,026.25","1,029.95","461,834"
"13-Nov-2023","1,030.05","1,031.85","1,023.50","1,025.35","5,985,481"
"15-Nov-2023","1,045.00","1,045.00","1,031.55","1,041.35","7,240,388"
"16-Nov-2023","1,042.80","1,044.00","1,022.15","1,026.35","6,908,825"
"17-Nov-2023","1,014.90","1,020.00","991.85","994.35","13,268,353"
"20-Nov-2023","981.00","994.75","980.35","988.70","8,215,656"
"21-Nov-2023","989.95","997.50","986.65","991.80","7,061,614"
"22-Nov-2023","991.00","999.90","988.00","998.10","6,103,988"
"23-Nov-2023","999.00","1,003.40","995.40","999.05","3,112,891"
"24-Nov-2023","1,002.00","1,010.75","999.70","1,008.50","6,956,281"
"28-Nov-2023","1,013.05","1,021.95","1,009.25","1,021.15","6,173,384"
"29-Nov-2023","1,027.15","1,063.50","1,021.15","1,060.15","9,422,396"
"30-Nov-2023","1,062.70","1,080.90","1,055.45","1,074.25","24,755,589"
"01-Dec-2023","1,075.40","1,109.00","1,070.20","1,104.65","14,428,758"
"04-Dec-2023","1,120.50","1,129.00","1,099.10","1,125.60","14,043,213"
"05-Dec-2023","1,136.80","1,151.85","1,127.15","1,132.45","15,804,808"
"06-Dec-2023","1,135.10","1,145.70","1,117.95","1,120.50","7,342,767"
"07-Dec-2023","1,119.25","1,129.60","1,108.50","1,117.85","6,439,419"
"08-Dec-2023","1,115.85","1,134.35","1,111.50","1,131.20","7,300,989"
"11-Dec-2023","1,129.00","1,139.40","1,113.85","1,116.50","6,924,589"
"12-Dec-2023","1,120.00","1,133.90","1,109.00","1,131.00","9,044,111"
"13-Dec-2023","1,150.00","1,151.00","1,111.45","1,114.85","8,184,523"
"14-Dec-2023","1,132.40","1,138.60","1,117.90","1,120.45","9,421,193"
"15-Dec-2023","1,119.20","1,127.85","1,108.60","1,120.35","12,048,410"
"18-Dec-2023","1,119.70","1,120.00","1,107.20","1,111.35","7,922,468"
"19-Dec-2023","1,123.80","1,126.85","1,114.20","1,120.25","6,824,641"
"20-Dec-2023","1,122.00","1,123.85","1,102.70","1,110.25","9,848,057"
"21-Dec-2023","1,103.90","1,103.90","1,077.20","1,095.40","10,914,682"
"22-Dec-2023","1,095.40","1,106.30","1,085.80","1,088.30","10,600,025"
"26-Dec-2023","1,091.20","1,100.65","1,086.70","1,094.25","5,687,517"
"27-Dec-2023","1,096.05","1,110.55","1,089.65","1,106.35","6,132,936"
"28-Dec-2023","1,107.25","1,113.00","1,098.00","1,107.85","14,097,667"
"29-Dec-2023","1,101.45","1,106.85","1,093.95","1,102.30","8,786,731"
"01-Jan-2024","1,095.00","1,104.00","1,093.00","1,097.70","4,083,732"
"02-Jan-2024","1,095.10","1,099.35","1,082.30","1,093.25","7,895,577"
"03-Jan-2024","1,091.00","1,102.60","1,081.30","1,098.60","10,225,290"
"04-Jan-2024","1,103.00","1,130.00","1,100.05","1,123.40","11,411,683"
"05-Jan-2024","1,124.00","1,139.90","1,119.00","1,136.95","8,025,466"
"08-Jan-2024","1,145.00","1,146.00","1,118.50","1,122.00","4,735,538"
"09-Jan-2024","1,128.55","1,135.55","1,112.35","1,116.55","6,359,362"
"10-Jan-2024","1,115.25","1,116.00","1,099.05","1,107.00","5,934,163"
"11-Jan-2024","1,111.05","1,127.90","1,111.05","1,125.75","4,683,035"
"12-Jan-2024","1,126.35","1,129.45","1,118.05","1,120.35","5,616,755"
"15-Jan-2024","1,122.00","1,130.45","1,116.60","1,119.50","6,719,079"
"16-Jan-2024","1,116.65","1,127.80","1,115.10","1,119.10","5,229,753"
"17-Jan-2024","1,082.00","1,115.00","1,079.20","1,082.30","24,913,719"
"18-Jan-2024","1,066.00","1,108.75","1,066.00","1,097.50","11,473,135"
"19-Jan-2024","1,107.15","1,126.30","1,105.00","1,116.55","12,303,696"
"20-Jan-2024","1,121.00","1,126.45","1,102.80","1,121.00","5,055,594"
"23-Jan-2024","1,125.90","1,141.60","1,078.80","1,089.25","18,924,087"
"24-Jan-2024","1,034.80","1,073.20","1,020.90","1,059.15","20,884,046"
"25-Jan-2024","1,058.00","1,063.70","1,025.80","1,042.25","20,835,434"
"29-Jan-2024","1,036.00","1,068.00","1,036.00","1,061.25","11,188,604"
"30-Jan-2024","1,060.05","1,070.45","1,050.80","1,054.10","9,426,983"
"31-Jan-2024","1,048.20","1,084.10","1,042.70","1,067.75","12,600,390"
"01-Feb-2024","1,072.65","1,087.65","1,056.80","1,084.25","9,756,682"
"02-Feb-2024","1,088.05","1,096.20","1,065.00","1,067.05","8,667,415"
"05-Feb-2024","1,067.05","1,079.50","1,058.00","1,061.50","12,569,454"
"06-Feb-2024","1,061.55","1,065.10","1,048.20","1,050.05","8,011,171"
"07-Feb-2024","1,061.05","1,073.70","1,057.50","1,069.10","7,281,793"
"08-Feb-2024","1,072.00","1,075.60","1,031.65","1,035.90","9,869,141"
"09-Feb-2024","1,039.95","1,054.90","1,034.55","1,051.40","8,233,454"
"12-Feb-2024","1,051.40","1,057.25","1,035.35","1,046.70","8,694,379"
"13-Feb-2024","1,051.00","1,075.55","1,044.80","1,070.75","8,413,609"
"14-Feb-2024","1,061.30","1,100.90","1,060.55","1,096.85","16,609,115"
"15-Feb-2024","1,097.50","1,097.55","1,069.25","1,072.20","11,780,823"
"16-Feb-2024","1,073.00","1,076.00","1,058.00","1,068.75","8,660,907"
"19-Feb-2024","1,069.00","1,070.00","1,060.10","1,062.95","7,562,645"
"20-Feb-2024","1,059.00","1,090.50","1,057.70","1,088.60","8,722,800"
"21-Feb-2024","1,093.85","1,093.95","1,073.10","1,084.20","9,177,213"
"22-Feb-2024","1,090.30","1,110.70","1,081.50","1,100.90","14,633,340"
"23-Feb-2024","1,099.00","1,107.40","1,090.00","1,096.80","6,250,943"
"26-Feb-2024","1,093.45","1,094.80","1,079.65","1,085.20","5,354,189"
"27-Feb-2024","1,081.65","1,088.55","1,072.05","1,079.05","6,546,815"
"28-Feb-2024","1,077.40","1,085.00","1,064.05","1,074.20","7,643,191"
"29-Feb-2024","1,071.00","1,082.30","1,055.35","1,075.10","13,648,997"
"01-Mar-2024","1,076.00","1,101.70","1,076.00","1,099.25","4,819,390"
"02-Mar-2024","1,099.30","1,104.90","1,091.15","1,096.70","250,465"
"04-Mar-2024","1,099.25","1,108.90","1,093.10","1,106.75","5,895,441"
"05-Mar-2024","1,102.20","1,110.90","1,094.50","1,100.80","4,851,446"
"06-Mar-2024","1,100.20","1,131.95","1,095.35","1,125.00","13,787,638"
"07-Mar-2024","1,126.00","1,126.90","1,107.55","1,111.45","6,943,879"
"11-Mar-2024","1,112.25","1,120.00","1,101.90","1,105.10","6,751,641"
"12-Mar-2024","1,105.00","1,121.40","1,084.25","1,097.00","9,817,138"
"13-Mar-2024","1,096.00","1,099.55","1,070.75","1,080.40","11,503,890"
"14-Mar-2024","1,075.00","1,081.25","1,055.60","1,058.25","10,253,613"
"15-Mar-2024","1,056.25","1,056.25","1,030.25","1,046.40","17,798,175"
"18-Mar-2024","1,044.00","1,066.90","1,043.60","1,061.35","7,612,407"
"19-Mar-2024","1,055.55","1,060.95","1,046.70","1,050.80","6,728,886"
"20-Mar-2024","1,050.00","1,057.45","1,030.95","1,034.75","12,619,644"
"21-Mar-2024","1,039.35","1,050.55","1,028.15","1,035.60","9,903,738"
"22-Mar-2024","1,040.10","1,047.25","1,029.95","1,033.30","9,891,194"
"26-Mar-2024","1,029.00","1,044.20","1,027.50","1,040.55","9,656,767"
"27-Mar-2024","1,045.80","1,057.55","1,044.25","1,052.85","17,027,308"
"28-Mar-2024","1,052.85","1,058.40","1,044.10","1,047.20","10,235,318"
"01-Apr-2024","1,052.35","1,063.75","1,048.90","1,053.10","5,484,556"
"02-Apr-2024","1,051.00","1,055.85","1,040.20","1,047.20","13,617,893"
"03-Apr-2024","1,043.80","1,070.30","1,043.75","1,063.25","11,573,590"
"04-Apr-2024","1,070.00","1,080.70","1,059.15","1,062.95","17,964,844"
"05-Apr-2024","1,061.10","1,063.00","1,048.10","1,059.10","9,210,187"
"08-Apr-2024","1,067.00","1,079.45","1,063.55","1,076.05","4,967,186"
"09-Apr-2024","1,090.00","1,090.00","1,071.35","1,080.00","11,385,226"
"10-Apr-2024","1,086.20","1,093.00","1,080.00","1,087.80","9,064,074"
"12-Apr-2024","1,079.50","1,096.40","1,071.10","1,073.45","18,045,983"
"15-Apr-2024","1,063.10","1,071.00","1,055.25","1,057.95","8,889,435"
"16-Apr-2024","1,049.95","1,057.85","1,044.35","1,051.90","7,107,881"
"18-Apr-2024","1,044.15","1,051.40","1,013.85","1,024.00","17,832,438"
"19-Apr-2024","1,015.00","1,036.95","995.70","1,029.10","21,598,007"
"22-Apr-2024","1,039.00","1,058.50","1,032.00","1,053.95","9,410,832"
"23-Apr-2024","1,058.00","1,060.25","1,048.75","1,055.75","8,300,012"
"24-Apr-2024","1,056.00","1,068.95","1,056.00","1,063.25","5,641,163"
"25-Apr-2024","1,100.00","1,133.95","1,086.10","1,127.00","46,136,295"
"26-Apr-2024","1,130.00","1,141.35","1,123.00","1,130.30","10,133,766"
"29-Apr-2024","1,130.30","1,164.00","1,125.30","1,159.25","15,183,242"
"30-Apr-2024","1,160.15","1,182.90","1,155.15","1,165.90","18,965,164"
"02-May-2024","1,156.00","1,174.00","1,148.00","1,149.85","12,302,236"
"03-May-2024","1,150.90","1,163.25","1,134.10","1,141.50","9,993,632"
"06-May-2024","1,143.90","1,156.00","1,135.65","1,143.65","7,490,104"
"07-May-2024","1,146.05","1,148.80","1,124.05","1,127.70","7,115,509"
"08-May-2024","1,124.65","1,135.45","1,118.25","1,128.65","8,175,609"
"09-May-2024","1,122.00","1,134.55","1,112.20","1,115.65","5,226,693"
"10-May-2024","1,123.70","1,140.00","1,113.35","1,120.10","7,242,718"
"13-May-2024","1,120.10","1,135.40","1,105.05","1,132.00","5,513,160"
"14-May-2024","1,129.95","1,136.10","1,118.10","1,122.85","5,471,143"
"15-May-2024","1,125.55","1,131.20","1,118.60","1,128.05","5,436,338"
"16-May-2024","1,134.15","1,143.95","1,111.30","1,139.30","10,750,526"
"17-May-2024","1,132.00","1,146.00","1,126.10","1,141.35","9,909,986"
"18-May-2024","1,142.00","1,145.00","1,137.00","1,143.75","169,757"
"21-May-2024","1,136.00","1,145.75","1,129.20","1,137.65","8,162,017"
"22-May-2024","1,142.00","1,142.00","1,117.95","1,126.00","9,094,033"
"23-May-2024","1,126.00","1,169.65","1,125.75","1,165.25","12,818,081"
"24-May-2024","1,165.50","1,177.00","1,160.60","1,174.00","8,814,997"
"27-May-2024","1,178.90","1,196.00","1,168.00","1,187.00","10,450,046"
"28-May-2024","1,188.00","1,192.40","1,179.00","1,183.40","4,018,776"
"29-May-2024","1,172.00","1,185.90","1,156.00","1,159.75","9,418,064"
"30-May-2024","1,155.20","1,179.80","1,155.00","1,167.95","7,232,217"
"31-May-2024","1,173.00","1,178.00","1,153.40","1,162.15","10,057,642"
"03-Jun-2024","1,197.05","1,242.20","1,193.40","1,223.90","22,197,339"
"04-Jun-2024","1,224.00","1,224.00","1,101.55","1,131.25","24,135,989"
"05-Jun-2024","1,138.00","1,193.00","1,110.70","1,184.50","21,039,499"
"06-Jun-2024","1,192.10","1,195.90","1,163.25","1,170.95","12,006,879"
"07-Jun-2024","1,178.00","1,195.20","1,166.75","1,186.80","8,583,998"
"10-Jun-2024","1,185.00","1,212.40","1,185.00","1,200.00","9,995,057"
"11-Jun-2024","1,204.45","1,209.35","1,190.45","1,194.60","9,390,212"
"12-Jun-2024","1,192.10","1,206.15","1,184.10","1,187.90","7,199,718"
"13-Jun-2024","1,201.80","1,202.00","1,173.45","1,174.65","5,321,148"
"14-Jun-2024","1,180.95","1,184.65","1,170.00","1,181.05","4,451,031"
"18-Jun-2024","1,194.00","1,194.00","1,181.15","1,191.90","6,837,181"
"19-Jun-2024","1,193.00","1,243.35","1,185.50","1,226.65","17,987,437"
"20-Jun-2024","1,230.10","1,241.50","1,220.40","1,239.50","8,206,858"
"21-Jun-2024","1,246.00","1,246.00","1,223.75","1,237.45","29,311,314"
"24-Jun-2024","1,231.00","1,235.75","1,225.05","1,228.10","6,676,530"
"25-Jun-2024","1,234.45","1,278.75","1,226.00","1,271.45","17,607,952"
"26-Jun-2024","1,281.10","1,292.95","1,259.20","1,285.40","13,956,370"
"27-Jun-2024","1,310.00","1,310.00","1,280.00","1,288.95","22,311,393"
"28-Jun-2024","1,283.10","1,289.90","1,261.60","1,265.25","7,167,069"
"01-Jul-2024","1,273.00","1,273.00","1,256.45","1,261.90","5,797,015"
"02-Jul-2024","1,265.00","1,267.85","1,238.25","1,253.40","9,945,447"
"03-Jul-2024","1,260.00","1,288.60","1,243.60","1,280.00","15,171,347"
"04-Jul-2024","1,288.00","1,293.00","1,268.50","1,280.90","4,817,380"
"05-Jul-2024","1,272.00","1,295.40","1,270.90","1,287.05","8,593,502"
"08-Jul-2024","1,285.00","1,297.40","1,279.60","1,287.85","4,216,951"
"09-Jul-2024","1,284.00","1,295.00","1,279.20","1,289.40","6,930,340"
"10-Jul-2024","1,284.20","1,294.00","1,275.15","1,291.65","9,020,489"
"11-Jul-2024","1,301.05","1,301.40","1,276.95","1,296.75","7,848,846"
"12-Jul-2024","1,293.90","1,339.65","1,293.90","1,317.30","11,278,987"
"15-Jul-2024","1,316.70","1,324.40","1,305.00","1,307.45","11,537,127"
"16-Jul-2024","1,307.45","1,318.45","1,299.70","1,304.00","5,433,264"
"18-Jul-2024","1,300.00","1,318.60","1,294.50","1,309.40","6,787,511"
"19-Jul-2024","1,305.65","1,309.00","1,288.20","1,292.35","4,496,066"
"22-Jul-2024","1,283.35","1,292.35","1,278.20","1,282.50","6,695,557"
"23-Jul-2024","1,288.50","1,291.10","1,251.00","1,263.25","8,789,327"
"24-Jul-2024","1,262.90","1,267.35","1,226.65","1,239.25","10,344,860"
"25-Jul-2024","1,200.00","1,200.00","1,155.50","1,175.90","32,979,871"
"26-Jul-2024","1,165.00","1,183.15","1,155.25","1,177.35","18,554,648"
"29-Jul-2024","1,182.35","1,194.60","1,163.65","1,170.05","19,598,573"
"30-Jul-2024","1,164.10","1,180.00","1,160.20","1,170.00","18,090,045"
"31-Jul-2024","1,157.00","1,171.00","1,154.00","1,166.10","17,347,076"
"01-Aug-2024","1,168.00","1,175.65","1,165.45","1,172.30","11,190,500"
"02-Aug-2024","1,164.00","1,167.80","1,156.10","1,160.85","10,581,445"
"05-Aug-2024","1,142.00","1,151.45","1,124.30","1,133.50","12,013,362"
"06-Aug-2024","1,140.00","1,151.00","1,123.10","1,126.10","8,571,122"
"07-Aug-2024","1,138.80","1,144.80","1,127.00","1,136.80","8,370,312"
"08-Aug-2024","1,133.10","1,142.80","1,126.00","1,138.15","7,903,428"
"09-Aug-2024","1,152.00","1,155.70","1,139.95","1,142.75","6,262,086"
"12-Aug-2024","1,146.00","1,169.10","1,135.85","1,164.30","9,078,384"
"13-Aug-2024","1,161.35","1,179.60","1,155.40","1,159.60","6,180,463"
"14-Aug-2024","1,159.00","1,159.00","1,148.65","1,153.10","5,021,841"
"16-Aug-2024","1,166.40","1,170.00","1,149.60","1,166.85","6,107,134"
"19-Aug-2024","1,169.00","1,171.30","1,150.20","1,153.25","6,691,823"
"20-Aug-2024","1,158.00","1,177.00","1,154.65","1,168.00","6,721,749"
"21-Aug-2024","1,166.60","1,178.00","1,161.50","1,174.40","9,480,630"
"22-Aug-2024","1,179.70","1,181.00","1,168.95","1,169.95","5,841,326"
"23-Aug-2024","1,170.00","1,173.95","1,163.50","1,165.95","5,121,962"
"26-Aug-2024","1,171.70","1,175.25","1,166.10","1,170.30","3,392,612"
"27-Aug-2024","1,170.00","1,184.85","1,164.25","1,181.25","8,702,113"
"28-Aug-2024","1,177.00","1,181.70","1,169.35","1,170.95","5,483,503"
"29-Aug-2024","1,169.00","1,179.90","1,163.40","1,175.40","7,290,114"
"30-Aug-2024","1,177.00","1,182.95","1,171.85","1,175.25","10,190,506"
"02-Sep-2024","1,176.00","1,194.00","1,174.10","1,188.80","6,432,362"
"03-Sep-2024","1,188.00","1,193.55","1,176.70","1,191.60","7,920,246"
"04-Sep-2024","1,182.70","1,189.65","1,173.30","1,177.70","6,527,941"
"05-Sep-2024","1,182.00","1,182.85","1,173.45","1,180.55","4,234,766"
"06-Sep-2024","1,176.00","1,181.35","1,150.80","1,158.75","9,874,576"
"09-Sep-2024","1,158.00","1,175.60","1,145.00","1,170.85","7,700,940"
"10-Sep-2024","1,178.90","1,190.85","1,173.35","1,187.20","8,723,854"
"11-Sep-2024","1,187.20","1,194.85","1,181.00","1,186.10","6,000,329"
"12-Sep-2024","1,190.10","1,205.70","1,176.75","1,203.35","7,592,871"
"13-Sep-2024","1,209.90","1,219.55","1,201.00","1,217.45","6,762,566"
"16-Sep-2024","1,222.00","1,234.00","1,215.00","1,231.05","4,039,284"
"17-Sep-2024","1,235.20","1,240.60","1,227.60","1,232.10","8,030,427"
"18-Sep-2024","1,231.90","1,250.40","1,225.00","1,240.45","8,210,034"
"19-Sep-2024","1,248.45","1,261.70","1,239.00","1,242.70","8,449,864"
"20-Sep-2024","1,244.00","1,250.00","1,229.90","1,245.00","15,009,629"
"23-Sep-2024","1,251.50","1,252.45","1,240.55","1,246.80","5,462,814"
"24-Sep-2024","1,241.10","1,247.10","1,235.35","1,239.55","9,225,946"
"25-Sep-2024","1,238.00","1,271.00","1,231.10","1,268.10","6,853,324"
"26-Sep-2024","1,267.55","1,281.65","1,262.25","1,277.10","7,270,078"
"27-Sep-2024","1,273.00","1,281.55","1,257.25","1,273.15","13,372,027"
"30-Sep-2024","1,263.50","1,275.00","1,229.35","1,232.20","8,466,919"
"01-Oct-2024","1,228.10","1,242.95","1,224.65","1,226.65","11,164,280"
"03-Oct-2024","1,207.50","1,219.15","1,173.10","1,175.70","17,300,892"
"04-Oct-2024","1,175.50","1,202.80","1,174.00","1,178.40","13,064,515"
"07-Oct-2024","1,182.95","1,184.85","1,130.90","1,145.70","20,047,013"
"08-Oct-2024","1,153.00","1,168.35","1,142.50","1,153.30","8,464,570"
"09-Oct-2024","1,154.00","1,185.00","1,154.00","1,170.15","9,807,734"
"10-Oct-2024","1,177.00","1,191.00","1,175.05","1,184.25","6,806,243"
"11-Oct-2024","1,182.50","1,188.20","1,166.00","1,172.45","4,754,158"
"14-Oct-2024","1,171.55","1,175.00","1,156.60","1,164.35","9,765,296"
"15-Oct-2024","1,166.10","1,172.00","1,149.50","1,153.85","8,741,516"
"16-Oct-2024","1,151.00","1,162.95","1,148.10","1,153.20","7,739,854"
"17-Oct-2024","1,151.00","1,151.35","1,124.00","1,131.85","6,595,231"
"18-Oct-2024","1,158.00","1,203.85","1,156.05","1,196.85","20,829,666"
"21-Oct-2024","1,196.85","1,214.80","1,185.55","1,190.30","7,456,038"
"22-Oct-2024","1,194.25","1,198.00","1,173.35","1,175.75","7,256,246"
"23-Oct-2024","1,175.10","1,183.15","1,158.65","1,160.40","6,501,834"
"24-Oct-2024","1,165.00","1,175.20","1,154.65","1,167.35","5,046,700"
"25-Oct-2024","1,187.00","1,201.75","1,170.00","1,189.35","12,798,716"
"28-Oct-2024","1,194.00","1,194.00","1,167.05","1,171.60","8,572,243"
"29-Oct-2024","1,176.40","1,191.20","1,157.60","1,186.85","9,908,946"
"30-Oct-2024","1,178.75","1,187.65","1,164.30","1,170.40","9,686,560"
"31-Oct-2024","1,165.50","1,178.00","1,153.85","1,159.55","8,682,294"
"01-Nov-2024","1,164.05","1,172.50","1,164.00","1,169.55","460,781"
"04-Nov-2024","1,172.00","1,176.95","1,135.45","1,139.25","9,288,653"
"05-Nov-2024","1,138.95","1,174.90","1,133.45","1,171.70","11,701,049"
"06-Nov-2024","1,171.80","1,183.55","1,161.45","1,166.50","10,353,506"
"07-Nov-2024","1,168.60","1,172.90","1,151.05","1,159.90","6,252,889"
"08-Nov-2024","1,156.00","1,167.75","1,151.10","1,160.95","3,786,168"
"11-Nov-2024","1,152.00","1,176.80","1,142.95","1,171.00","6,620,678"
"12-Nov-2024","1,171.65","1,187.00","1,153.80","1,158.15","9,606,088"
"13-Nov-2024","1,151.90","1,165.50","1,135.10","1,139.15","8,079,113"
"14-Nov-2024","1,137.55","1,150.75","1,131.60","1,140.70","5,975,873"
"18-Nov-2024","1,131.20","1,135.00","1,121.55","1,126.20","9,474,971"
"19-Nov-2024","1,130.00","1,139.00","1,122.05","1,133.95","19,225,966"
"21-Nov-2024","1,138.00","1,152.00","1,115.75","1,139.15","8,126,248"
"22-Nov-2024","1,136.65","1,147.90","1,127.55","1,142.40","16,687,505"
"25-Nov-2024","1,160.00","1,164.50","1,142.00","1,155.90","12,385,823"
"26-Nov-2024","1,157.10","1,159.60","1,142.65","1,144.80","5,127,437"
"27-Nov-2024","1,145.20","1,155.45","1,133.55","1,149.65","5,989,943"
"28-Nov-2024","1,148.50","1,154.45","1,129.40","1,132.50","10,731,275"
"29-Nov-2024","1,133.55","1,140.90","1,127.70","1,136.30","6,406,277"
"02-Dec-2024","1,132.70","1,141.40","1,126.60","1,137.10","4,785,858"
"03-Dec-2024","1,144.40","1,164.90","1,138.00","1,160.50","8,382,042"
"04-Dec-2024","1,157.50","1,168.00","1,153.90","1,159.45","18,379,798"
"05-Dec-2024","1,164.00","1,176.90","1,150.10","1,166.40","10,640,451"
"06-Dec-2024","1,167.50","1,193.85","1,160.00","1,184.55","7,542,210"
"09-Dec-2024","1,184.25","1,186.00","1,161.00","1,163.25","6,308,112"
"10-Dec-2024","1,157.00","1,165.05","1,151.25","1,153.65","4,714,389"
"11-Dec-2024","1,150.00","1,158.35","1,144.55","1,147.25","7,788,242"
"12-Dec-2024","1,145.00","1,154.55","1,143.60","1,145.65","4,825,283"
"13-Dec-2024","1,141.00","1,152.70","1,113.65","1,148.15","8,731,618"
"16-Dec-2024","1,146.50","1,155.00","1,141.75","1,150.90","3,975,202"
"17-Dec-2024","1,145.25","1,151.85","1,130.00","1,136.25","7,292,817"
"18-Dec-2024","1,136.20","1,139.90","1,115.95","1,122.25","7,222,127"
"19-Dec-2024","1,104.90","1,119.05","1,101.05","1,108.90","11,677,610"
"20-Dec-2024","1,103.95","1,105.85","1,065.00","1,071.85","12,623,056"
"23-Dec-2024","1,075.10","1,083.55","1,072.40","1,079.15","3,886,921"
"24-Dec-2024","1,077.30","1,084.75","1,076.00","1,078.90","4,343,694"
"26-Dec-2024","1,083.00","1,092.60","1,072.75","1,076.70","4,775,460"
"27-Dec-2024","1,078.10","1,086.25","1,076.00","1,077.45","3,801,667"
"30-Dec-2024","1,074.10","1,096.50","1,063.95","1,069.95","9,452,155"
"31-Dec-2024","1,062.00","1,070.45","1,058.50","1,064.70","5,292,136"
"01-Jan-2025","1,064.15","1,076.95","1,053.95","1,071.80","2,985,355"
"02-Jan-2025","1,072.00","1,088.70","1,067.50","1,086.60","6,557,076"
"03-Jan-2025","1,086.00","1,093.50","1,079.80","1,084.90","7,357,220"
"06-Jan-2025","1,087.75","1,090.00","1,059.90","1,063.40","5,283,413"
"07-Jan-2025","1,064.55","1,070.50","1,056.00","1,067.50","4,619,462"
"08-Jan-2025","1,063.75","1,082.35","1,059.10","1,074.95","8,780,098"
"09-Jan-2025","1,079.60","1,080.15","1,054.25","1,061.75","9,054,190"
"10-Jan-2025","1,056.25","1,064.85","1,037.00","1,040.70","5,612,886"
"13-Jan-2025","1,026.60","1,063.00","1,023.25","1,049.30","7,180,930"
"14-Jan-2025","1,052.95","1,061.00","1,045.50","1,051.65","6,892,897"
"15-Jan-2025","1,043.00","1,052.90","1,014.65","1,026.80","11,418,721"
"16-Jan-2025","1,033.90","1,046.45","1,027.05","1,038.00","10,261,727"
"17-Jan-2025","1,000.00","1,011.70","974.60","991.05","33,831,617"
"20-Jan-2025","992.05","994.20","976.50","988.05","33,440,507"
"21-Jan-2025","993.60","994.45","963.00","970.20","11,894,500"
"22-Jan-2025","975.75","975.75","954.00","959.30","17,303,146"
"23-Jan-2025","954.00","963.70","948.00","951.05","24,649,522"
"24-Jan-2025","948.00","961.80","946.10","948.50","14,421,921"
"27-Jan-2025","943.10","949.75","933.50","948.10","12,713,296"
"28-Jan-2025","960.00","993.85","958.20","983.80","21,781,371"
"29-Jan-2025","988.00","988.65","977.60","983.40","11,175,206"
"30-Jan-2025","984.65","991.40","974.80","984.70","10,473,118"
"31-Jan-2025","982.00","990.00","978.05","986.10","9,036,312"
"01-Feb-2025","989.50","1,004.95","982.00","998.15","4,830,391"
"03-Feb-2025","987.10","1,000.50","983.35","989.40","7,124,605"
"04-Feb-2025","994.00","1,017.10","987.80","1,015.30","16,058,171"
"05-Feb-2025","1,020.60","1,022.05","1,010.50","1,013.30","7,858,373"
"06-Feb-2025","1,012.00","1,021.85","1,010.05","1,020.70","5,815,563"
"07-Feb-2025","1,019.50","1,027.35","1,007.65","1,024.10","8,638,651"
"10-Feb-2025","1,021.00","1,026.75","1,006.20","1,011.75","3,960,565"
"11-Feb-2025","1,009.00","1,016.35","1,002.60","1,007.40","4,808,215"
"12-Feb-2025","1,000.00","1,010.65","984.00","1,006.90","7,669,283"
"13-Feb-2025","1,003.00","1,017.45","1,001.05","1,008.20","6,348,246"
"14-Feb-2025","1,010.55","1,016.00","987.65","997.50","5,375,755"
"17-Feb-2025","992.45","999.65","978.05","992.95","7,166,803"
"18-Feb-2025","992.95","997.35","986.55","994.15","3,090,004"
"19-Feb-2025","991.65","1,013.45","988.15","1,011.35","6,401,381"
"20-Feb-2025","1,008.40","1,019.65","1,006.50","1,017.20","5,011,212"
"21-Feb-2025","1,012.00","1,021.90","1,000.65","1,008.95","5,019,937"
"24-Feb-2025","1,001.35","1,013.00","998.55","1,010.05","4,265,454"
"25-Feb-2025","1,004.00","1,013.70","997.10","1,009.10","5,708,975"
"27-Feb-2025","1,007.65","1,023.55","1,005.15","1,016.70","9,777,690"
"28-Feb-2025","1,014.80","1,035.50","1,009.95","1,015.55","15,026,849"
"03-Mar-2025","1,017.05","1,019.40","992.00","1,007.25","6,763,184"
"04-Mar-2025","1,001.10","1,011.10","998.60","1,001.80","5,786,420"
"05-Mar-2025","1,003.00","1,017.40","1,002.55","1,014.45","5,133,873"
"06-Mar-2025","1,022.60","1,039.50","1,015.15","1,034.10","7,861,120"
"07-Mar-2025","1,033.70","1,050.35","1,030.70","1,037.65","7,597,321"
"10-Mar-2025","1,036.00","1,050.50","1,032.35","1,035.85","5,995,655"
"11-Mar-2025","1,030.40","1,036.80","1,021.10","1,025.65","4,771,085"
"12-Mar-2025","1,025.20","1,029.80","999.20","1,011.20","7,504,702"
"13-Mar-2025","1,015.00","1,016.00","1,005.10","1,010.20","4,004,140"
"17-Mar-2025","1,011.10","1,039.00","1,011.10","1,034.15","5,938,668"
"18-Mar-2025","1,044.15","1,054.25","1,033.70","1,045.25","7,365,940"
"19-Mar-2025","1,047.80","1,058.55","1,043.50","1,052.05","4,822,365"
"20-Mar-2025","1,056.25","1,058.90","1,046.90","1,054.35","3,742,644"
"21-Mar-2025","1,054.35","1,075.55","1,050.55","1,070.15","6,848,565"
"24-Mar-2025","1,082.00","1,104.95","1,073.70","1,097.85","8,284,863"
"25-Mar-2025","1,109.95","1,123.50","1,096.35","1,118.55","11,720,528"
"26-Mar-2025","1,115.00","1,118.85","1,089.05","1,096.25","7,127,060"
"27-Mar-2025","1,092.00","1,108.00","1,088.10","1,098.35","8,508,917"
"28-Mar-2025","1,098.40","1,107.00","1,086.50","1,102.00","4,921,190"
"01-Apr-2025","1,093.20","1,101.25","1,070.00","1,085.60","6,638,140"
"02-Apr-2025","1,091.70","1,095.60","1,080.75","1,084.45","4,065,344"
"03-Apr-2025","1,078.90","1,091.95","1,075.30","1,089.85","5,345,660"
"04-Apr-2025","1,081.50","1,101.90","1,075.45","1,091.30","6,059,991"
"07-Apr-2025","1,035.00","1,069.00","1,032.35","1,047.95","9,720,457"
"08-Apr-2025","1,061.00","1,084.95","1,060.30","1,077.85","8,723,357"
"09-Apr-2025","1,073.10","1,081.85","1,058.00","1,061.65","6,690,201"
"11-Apr-2025","1,063.30","1,072.70","1,057.55","1,068.95","8,144,072"
"15-Apr-2025","1,090.00","1,117.00","1,083.00","1,112.80","9,320,299"
"16-Apr-2025","1,122.70","1,163.50","1,112.60","1,161.30","12,836,428"
"17-Apr-2025","1,155.60","1,199.20","1,153.60","1,190.80","13,446,336"
"21-Apr-2025","1,202.00","1,238.70","1,198.10","1,223.00","15,166,580"
"22-Apr-2025","1,230.40","1,235.00","1,212.10","1,216.80","8,461,710"
"23-Apr-2025","1,225.30","1,230.00","1,194.90","1,206.90","9,433,911"
"24-Apr-2025","1,199.10","1,220.00","1,199.10","1,207.10","9,078,137"
"25-Apr-2025","1,177.00","1,179.90","1,146.00","1,166.30","17,243,807"
"28-Apr-2025","1,166.30","1,196.00","1,164.30","1,192.80","5,523,502"
"29-Apr-2025","1,194.00","1,210.00","1,184.40","1,187.30","6,074,520"
"30-Apr-2025","1,185.10","1,193.90","1,175.00","1,185.00","6,288,257"
"02-May-2025","1,182.10","1,210.50","1,180.10","1,182.20","6,567,678"
"05-May-2025","1,190.00","1,190.00","1,164.30","1,173.20","7,236,056"
"06-May-2025","1,178.00","1,178.80","1,157.70","1,161.40","5,348,267"
"07-May-2025","1,159.00","1,168.60","1,152.90","1,161.30","4,263,817"
"08-May-2025","1,170.00","1,179.00","1,165.60","1,172.20","9,912,347"
"09-May-2025","1,160.00","1,172.20","1,148.50","1,151.10","5,379,571"
"12-May-2025","1,185.00","1,209.00","1,175.20","1,203.00","7,616,208"
"13-May-2025","1,205.20","1,214.80","1,190.00","1,193.60","5,569,926"
"14-May-2025","1,195.90","1,199.40","1,185.90","1,195.50","4,084,921"
"15-May-2025","1,197.00","1,217.00","1,185.00","1,209.10","6,705,748"
"16-May-2025","1,206.00","1,213.30","1,203.20","1,208.80","4,016,269"
"19-May-2025","1,208.00","1,219.00","1,201.10","1,202.80","4,550,022"
"20-May-2025","1,208.00","1,210.70","1,192.90","1,195.80","4,724,482"
"21-May-2025","1,197.10","1,204.90","1,182.70","1,197.80","3,712,472"
"22-May-2025","1,196.70","1,196.70","1,177.50","1,188.50","4,795,583"
"23-May-2025","1,188.50","1,213.10","1,188.10","1,210.10","3,676,469"
"26-May-2025","1,216.20","1,224.20","1,208.70","1,215.20","3,607,612"
"27-May-2025","1,215.20","1,216.70","1,190.40","1,195.60","7,249,163"
"28-May-2025","1,195.60","1,202.20","1,191.70","1,194.70","3,525,421"
"29-May-2025","1,200.00","1,209.00","1,189.00","1,201.70","7,788,068"
"30-May-2025","1,201.40","1,208.80","1,189.60","1,192.20","9,998,488"
"02-Jun-2025","1,189.80","1,200.90","1,179.20","1,194.40","3,761,853"
"03-Jun-2025","1,195.00","1,198.90","1,174.90","1,181.50","8,155,665"
"04-Jun-2025","1,181.80","1,191.30","1,168.60","1,171.00","4,306,355"
"05-Jun-2025","1,172.50","1,175.50","1,157.00","1,159.00","10,481,600"
"06-Jun-2025","1,158.90","1,201.20","1,151.20","1,194.60","14,715,421"
"09-Jun-2025","1,212.50","1,224.50","1,206.20","1,219.90","9,138,108"
"10-Jun-2025","1,224.40","1,235.90","1,218.40","1,232.80","7,747,558"
"11-Jun-2025","1,232.60","1,241.80","1,228.10","1,231.40","4,135,775"
"12-Jun-2025","1,231.00","1,237.10","1,210.80","1,212.90","3,461,744"
"13-Jun-2025","1,198.00","1,211.70","1,195.60","1,205.80","3,906,868"
"16-Jun-2025","1,206.10","1,218.00","1,196.00","1,215.40","5,697,424"
"17-Jun-2025","1,215.40","1,227.00","1,211.30","1,215.10","4,492,946"
"18-Jun-2025","1,209.80","1,223.30","1,203.90","1,221.00","3,135,662"
"19-Jun-2025","1,218.00","1,227.80","1,213.80","1,217.50","4,243,763"
"20-Jun-2025","1,217.50","1,226.00","1,214.20","1,220.70","4,652,390"
"23-Jun-2025","1,212.60","1,222.90","1,205.60","1,214.10","2,312,469"
"24-Jun-2025","1,222.90","1,238.40","1,215.60","1,221.20","6,745,788"
"25-Jun-2025","1,226.30","1,226.30","1,211.00","1,213.30","4,229,259"
"26-Jun-2025","1,215.20","1,239.00","1,211.20","1,233.50","8,678,448"
"27-Jun-2025","1,236.90","1,247.00","1,220.40","1,225.10","6,068,274"
"30-Jun-2025","1,228.90","1,236.00","1,193.10","1,199.20","6,559,872"
"01-Jul-2025","1,202.00","1,202.00","1,167.00","1,173.30","8,702,198"
"02-Jul-2025","1,180.00","1,181.90","1,172.00","1,175.30","5,471,100"
"03-Jul-2025","1,178.00","1,181.00","1,168.00","1,171.10","6,237,185"
"04-Jul-2025","1,174.00","1,179.50","1,162.00","1,177.60","3,926,186"
"07-Jul-2025","1,177.60","1,177.60","1,167.60","1,175.10","5,783,402"
"08-Jul-2025","1,180.00","1,180.00","1,161.90","1,165.40","9,973,619"
"09-Jul-2025","1,160.00","1,171.00","1,158.60","1,164.70","8,674,795"
"10-Jul-2025","1,170.10","1,176.60","1,163.00","1,164.30","4,339,755"
"11-Jul-2025","1,162.00","1,175.90","1,160.60","1,173.80","4,468,654"
"14-Jul-2025","1,179.00","1,179.90","1,163.00","1,172.70","4,772,502"
"15-Jul-2025","1,174.00","1,179.00","1,162.30","1,165.90","4,776,756"
"16-Jul-2025","1,164.90","1,174.00","1,157.10","1,168.40","4,388,279"
"17-Jul-2025","1,170.00","1,172.90","1,154.80","1,159.80","5,694,428"
"18-Jul-2025","1,090.00","1,115.90","1,086.00","1,099.30","38,053,695"
"21-Jul-2025","1,086.00","1,101.50","1,071.90","1,099.60","15,905,500"
"22-Jul-2025","1,102.00","1,110.60","1,095.00","1,098.00","9,999,957"
"23-Jul-2025","1,099.50","1,110.50","1,098.10","1,104.80","6,633,979"
"24-Jul-2025","1,104.00","1,105.00","1,089.40","1,095.10","9,901,209"
"25-Jul-2025","1,086.10","1,101.00","1,076.20","1,086.10","11,779,887"
"28-Jul-2025","1,080.90","1,092.20","1,067.40","1,073.60","9,029,557"
"29-Jul-2025","1,070.90","1,078.70","1,055.40","1,064.20","15,599,773"
"30-Jul-2025","1,070.50","1,080.60","1,062.00","1,073.30","8,247,433"
"31-Jul-2025","1,066.00","1,081.30","1,063.90","1,068.40","7,634,413"
"01-Aug-2025","1,065.00","1,070.90","1,060.00","1,062.40","5,545,447"
"04-Aug-2025","1,064.40","1,070.00","1,059.00","1,068.60","4,465,845"
"05-Aug-2025","1,068.00","1,079.90","1,062.50","1,070.80","5,318,081"
"06-Aug-2025","1,074.00","1,077.70","1,065.60","1,071.00","4,216,651"
"07-Aug-2025","1,067.80","1,079.70","1,064.50","1,076.20","5,321,131"
"08-Aug-2025","1,073.00","1,080.40","1,054.20","1,058.10","5,084,903"
"11-Aug-2025","1,058.10","1,075.40","1,052.60","1,073.30","5,452,775"
"12-Aug-2025","1,071.10","1,076.60","1,066.30","1,070.00","4,573,025"
"13-Aug-2025","1,071.10","1,072.80","1,063.20","1,066.00","4,966,778"
"14-Aug-2025","1,067.00","1,072.40","1,062.00","1,068.20","6,761,305"
"18-Aug-2025","1,080.00","1,090.00","1,079.40","1,082.60","7,964,987"
"19-Aug-2025","1,078.00","1,095.00","1,075.80","1,083.20","5,661,531"
"20-Aug-2025","1,081.00","1,083.70","1,077.80","1,080.20","3,034,728"
"21-Aug-2025","1,090.00","1,090.00","1,076.40","1,078.90","6,459,262"
"22-Aug-2025","1,076.00","1,078.50","1,069.50","1,070.90","3,853,718"
"25-Aug-2025","1,073.00","1,074.50","1,068.20","1,070.00","2,711,278"
"26-Aug-2025","1,068.00","1,069.80","1,048.00","1,050.10","7,197,666"
"28-Aug-2025","1,057.00","1,059.50","1,047.00","1,051.90","8,564,803"
"29-Aug-2025","1,052.10","1,063.00","1,042.50","1,045.20","4,718,016"
"01-Sep-2025","1,047.60","1,064.00","1,047.60","1,061.50","3,190,426"
"02-Sep-2025","1,061.50","1,064.90","1,049.00","1,056.20","4,933,541"
"03-Sep-2025","1,056.20","1,064.90","1,045.00","1,054.70","8,303,296"
"04-Sep-2025","1,058.20","1,062.20","1,047.30","1,050.40","8,088,417"
"05-Sep-2025","1,056.60","1,058.00","1,047.80","1,055.90","2,849,589"
"08-Sep-2025","1,055.90","1,063.00","1,054.00","1,055.50","2,260,147"
"09-Sep-2025","1,057.50","1,059.00","1,048.70","1,052.20","4,310,419"
"10-Sep-2025","1,058.00","1,074.10","1,055.10","1,070.10","5,241,075"
"11-Sep-2025","1,069.00","1,093.00","1,069.00","1,087.40","5,227,539"
"12-Sep-2025","1,088.40","1,108.70","1,088.40","1,105.30","6,014,850"
"15-Sep-2025","1,105.00","1,110.00","1,100.00","1,104.40","3,881,807"
"16-Sep-2025","1,105.70","1,127.10","1,104.00","1,121.20","7,965,606"
"17-Sep-2025","1,121.30","1,128.50","1,116.10","1,126.00","5,590,739"
"18-Sep-2025","1,129.00","1,134.40","1,121.20","1,133.00","5,713,032"
"19-Sep-2025","1,133.00","1,144.10","1,126.60","1,135.90","8,910,732"
"22-Sep-2025","1,136.00","1,147.60","1,131.20","1,144.40","7,689,900"
"23-Sep-2025","1,146.00","1,172.80","1,141.90","1,170.80","16,079,093"
"24-Sep-2025","1,168.00","1,172.80","1,154.00","1,158.90","12,812,055"
"25-Sep-2025","1,154.70","1,171.80","1,153.40","1,166.60","11,188,302"
"26-Sep-2025","1,161.60","1,169.70","1,148.00","1,154.00","5,618,932"
"29-Sep-2025","1,155.40","1,158.30","1,126.70","1,132.20","9,693,881"
"30-Sep-2025","1,130.00","1,137.00","1,125.40","1,131.60","8,165,203"
"01-Oct-2025","1,132.50","1,164.80","1,131.00","1,159.50","9,655,009"
"03-Oct-2025","1,171.00","1,188.00","1,169.50","1,181.00","11,095,015"
"06-Oct-2025","1,185.00","1,215.20","1,182.10","1,212.80","20,128,505"
"07-Oct-2025","1,212.00","1,212.00","1,184.00","1,186.80","8,620,156"
"08-Oct-2025","1,180.10","1,194.80","1,174.10","1,180.60","5,160,430"
"09-Oct-2025","1,178.00","1,187.30","1,163.10","1,167.40","7,194,651"
"10-Oct-2025","1,168.00","1,191.70","1,165.20","1,180.40","6,933,035"
"13-Oct-2025","1,171.00","1,193.60","1,167.50","1,189.60","4,138,448"
"14-Oct-2025","1,191.80","1,191.80","1,166.60","1,176.80","5,742,538"
"15-Oct-2025","1,180.00","1,181.70","1,164.00","1,169.60","6,328,142"
"16-Oct-2025","1,216.40","1,216.90","1,185.30","1,196.30","17,747,171"
"17-Oct-2025","1,196.30","1,212.90","1,191.60","1,200.20","6,404,414"
"20-Oct-2025","1,207.90","1,231.70","1,207.00","1,226.00","7,418,616"
"21-Oct-2025","1,225.80","1,238.80","1,222.00","1,237.30","1,940,248"
"23-Oct-2025","1,246.00","1,276.10","1,241.30","1,258.80","14,611,221"
"24-Oct-2025","1,254.20","1,256.00","1,240.10","1,241.90","4,882,046"
"27-Oct-2025","1,243.40","1,258.50","1,242.60","1,254.10","6,185,072"
"28-Oct-2025","1,249.00","1,258.90","1,236.60","1,246.30","8,146,777"
"29-Oct-2025","1,246.90","1,251.00","1,239.20","1,248.80","4,578,825"
"30-Oct-2025","1,243.00","1,248.00","1,235.00","1,238.60","4,017,532"
"31-Oct-2025","1,243.00","1,245.40","1,231.00","1,232.80","4,106,607"
"03-Nov-2025","1,226.00","1,241.00","1,222.30","1,233.70","6,118,907"
"04-Nov-2025","1,230.10","1,235.90","1,222.80","1,226.60","3,299,345"
"06-Nov-2025","1,225.00","1,239.60","1,225.00","1,228.50","3,733,721"
"07-Nov-2025","1,227.00","1,228.80","1,217.00","1,222.80","3,461,466"
"10-Nov-2025","1,222.00","1,232.80","1,215.50","1,217.00","4,140,568"
"11-Nov-2025","1,218.10","1,225.00","1,209.40","1,222.50","5,615,453"
"12-Nov-2025","1,227.90","1,232.70","1,216.50","1,221.60","6,782,513"
"13-Nov-2025","1,219.00","1,234.80","1,213.20","1,225.20","3,345,231"
"14-Nov-2025","1,224.00","1,246.00","1,222.00","1,241.60","5,197,740"
"17-Nov-2025","1,243.90","1,261.00","1,240.40","1,249.60","4,088,026"
"18-Nov-2025","1,250.00","1,273.50","1,247.60","1,265.40","10,175,969"
"19-Nov-2025","1,268.00","1,273.00","1,257.80","1,270.40","4,101,288"
"20-Nov-2025","1,275.00","1,287.30","1,262.60","1,285.20","4,617,594"
"21-Nov-2025","1,284.00","1,284.50","1,273.00","1,275.80","6,363,593"
"24-Nov-2025","1,279.20","1,290.90","1,266.60","1,269.00","10,491,953"
"25-Nov-2025","1,269.10","1,276.70","1,263.70","1,266.30","5,290,156"
"26-Nov-2025","1,271.90","1,292.80","1,269.30","1,290.20","4,842,021"
"27-Nov-2025","1,297.00","1,304.00","1,281.00","1,287.30","5,924,706"
"28-Nov-2025","1,287.30","1,289.00","1,275.00","1,279.70","3,093,636"
"01-Dec-2025","1,288.00","1,289.00","1,268.50","1,275.70","4,098,016"
"02-Dec-2025","1,270.70","1,281.00","1,255.10","1,258.00","8,115,347"
"03-Dec-2025","1,255.00","1,272.90","1,255.00","1,270.70","3,582,794"
"04-Dec-2025","1,270.70","1,282.80","1,269.40","1,280.00","3,216,108"
"05-Dec-2025","1,275.20","1,285.00","1,267.30","1,282.50","2,728,214"
"08-Dec-2025","1,284.00","1,288.80","1,265.10","1,273.80","2,969,478"
"09-Dec-2025","1,272.00","1,281.40","1,263.20","1,275.90","4,239,279"
"10-Dec-2025","1,273.00","1,284.00","1,268.30","1,278.60","2,928,746"
"11-Dec-2025","1,277.40","1,282.00","1,271.00","1,272.70","2,017,404"
"12-Dec-2025","1,278.00","1,291.00","1,277.90","1,286.10","2,281,078"
"15-Dec-2025","1,285.00","1,290.40","1,280.00","1,284.80","1,634,472"
"16-Dec-2025","1,277.10","1,277.60","1,216.90","1,219.60","11,542,048"
"17-Dec-2025","1,220.60","1,236.00","1,220.30","1,224.70","5,147,181"
"18-Dec-2025","1,226.10","1,238.50","1,220.20","1,229.80","3,441,592"
"19-Dec-2025","1,236.70","1,241.50","1,229.10","1,230.60","5,055,047"
"22-Dec-2025","1,235.00","1,236.90","1,226.80","1,233.20","2,405,809"
"23-Dec-2025","1,239.00","1,239.00","1,223.50","1,225.00","2,920,318"
"24-Dec-2025","1,230.00","1,235.40","1,224.70","1,226.30","3,155,506"
"26-Dec-2025","1,225.00","1,229.90","1,222.00","1,228.20","1,665,983"
"29-Dec-2025","1,228.20","1,233.90","1,219.00","1,232.00","2,209,655"
"30-Dec-2025","1,233.00","1,252.10","1,232.00","1,246.00","5,673,233"
"31-Dec-2025","1,246.00","1,271.50","1,245.00","1,269.40","3,711,090"
"26-Feb-2026","1,403.00","1,405.70","1,386.00","1,395.10","2,596,048"
